Player,Position,Weight,Team,Nationality,Game_Year,Region,Selection_Type,Height_Feet,Height_Inch,Height_In_Inches,NBA_Draft_Year,NBA_Draft_Round,NBA_Draft_Pick
Tiny Archibald,PG,150,Boston Celtics,United States,1980,East,Coaches,6,1,73,1970,2,2
Larry Bird,SF,220,Boston Celtics,United States,1980,East,Coaches,6,9,81,1978,1,6
Bill Cartwright,C,245,New York Knicks,United States,1980,East,Coaches,7,1,85,1979,1,3
Dave Cowens,FC,230,Boston Celtics,United States,1980,East,Coaches,6,9,81,1970,1,4
John Drew,GF,205,Atlanta Hawks,United States,1980,East,Fans,6,6,78,1974,2,7
Julius Erving,SF,200,Philadelphia Sixers,United States,1980,East,Fans,6,6,78,1972,1,12
George Gervin,GF,180,San Antonio Spurs,United States,1980,East,Fans,6,7,79,1974,3,4
Elvin Hayes,FC,235,Washington Bullets,United States,1980,East,Coaches,6,9,81,1968,1,1
"Eddie Johnson, Jr.",G,180,Atlanta Hawks,United States,1980,East,Fans,6,2,74,1977,3,5
Moses Malone,C,215,Houston Rockets,United States,1980,East,Fans,6,10,82,-,-,-
Micheal Ray Richardson,PG,189,New York Knicks,United States,1980,East,Coaches,6,5,77,1978,1,4
Dan Roundfield,PF,205,Atlanta Hawks,United States,1980,East,Coaches,6,8,80,1975,2,10
Kareem Abdul-Jabbar,C,225,Los Angeles Lakers,United States,1980,West,Fans,7,2,86,1969,1,1
Otis Birdsong,GF,190,Kansas City Kings,United States,1980,West,Coaches,6,3,75,1977,1,2
Adrian Dantley,SF,208,Utah Jazz,United States,1980,West,Fans,6,5,77,1976,1,6
Walter Davis,GF,193,Phoenix Suns,United States,1980,West,Coaches,6,6,78,1977,1,5
World B. Free,G,185,San Diego Clippers,United States,1980,West,Fans,6,2,74,1975,2,5
Dennis Johnson,PG,185,Seattle SuperSonics,United States,1980,West,Coaches,6,4,76,1976,2,12
Magic Johnson,PG,255,Los Angeles Lakers,United States,1980,West,Fans,6,9,81,1979,1,1
Marques Johnson,GF,218,Milwaukee Bucks,United States,1980,West,Fans,6,7,79,1977,1,3
Jack Sikma,C,230,Seattle SuperSonics,United States,1980,West,Coaches,6,11,83,1977,1,8
Kermit Washington,FC,230,Portland Trail Blazers,United States,1980,West,Coaches,6,8,80,1973,1,5
Scott Wedman,GF,215,Kansas City Kings,United States,1980,West,Coaches,6,7,79,1974,1,6
Paul Westphal,G,195,Phoenix Suns,United States,1980,West,Coaches,6,4,76,1972,1,10
Tiny Archibald,PG,150,Boston Celtics,United States,1981,East,Coaches,6,1,73,1970,2,2
Larry Bird,SF,220,Boston Celtics,United States,1981,East,Coaches,6,9,81,1978,1,6
Julius Erving,SF,200,Philadelphia Sixers,United States,1981,East,Fans,6,6,78,1972,1,12
Artis Gilmore,C,240,Chicago Bulls,United States,1981,East,Fans,7,2,86,1971,7,15
"Eddie Johnson, Jr.",G,180,Atlanta Hawks,United States,1981,East,Fans,6,2,74,1977,3,5
Marques Johnson,GF,218,Milwaukee Bucks,United States,1981,East,Coaches,6,7,79,1977,1,3
Bobby Jones,SF,210,Philadelphia Sixers,United States,1981,East,Coaches,6,9,81,1974,1,5
Mike Mitchell,F,215,Cleveland Cavaliers,United States,1981,East,Coaches,6,7,79,1978,1,15
Robert Parish,C,230,Boston Celtics,United States,1981,East,Coaches,7,0,84,1976,1,8
Micheal Ray Richardson,PG,189,New York Knicks,United States,1981,East,Coaches,6,5,77,1978,1,4
Dan Roundfield,PF,205,Atlanta Hawks,United States,1981,East,Fans,6,8,80,1975,2,10
Reggie Theus,GF,190,Chicago Bulls,United States,1981,East,Fans,6,7,79,1978,1,9
Kareem Abdul-Jabbar,C,225,Los Angeles Lakers,United States,1981,West,Fans,7,2,86,1969,1,1
Otis Birdsong,GF,190,Kansas City Kings,United States,1981,West,Coaches,6,3,75,1977,1,2
Adrian Dantley,SF,208,Utah Jazz,United States,1981,West,Fans,6,5,77,1976,1,6
Walter Davis,GF,193,Phoenix Suns,United States,1981,West,Fans,6,6,78,1977,1,5
George Gervin,GF,180,San Antonio Spurs,United States,1981,West,Fans,6,7,79,1974,3,4
Dennis Johnson,PG,185,Phoenix Suns,United States,1981,West,Coaches,6,4,76,1976,2,12
Moses Malone,C,215,Houston Rockets,United States,1981,West,Coaches,6,10,82,-,-,-
Truck Robinson,F,225,Phoenix Suns,United States,1981,West,Coaches,6,7,79,1974,2,4
Jack Sikma,C,230,Seattle SuperSonics,United States,1981,West,Coaches,6,11,83,1977,1,8
Paul Westphal,G,195,Seattle SuperSonics,United States,1981,West,Fans,6,4,76,1972,1,10
Jamaal Wilkes,GF,190,Los Angeles Lakers,United States,1981,West,Coaches,6,6,78,1974,1,11
Tiny Archibald,PG,150,Boston Celtics,United States,1982,East,Fans,6,1,73,1970,2,2
Larry Bird,SF,220,Boston Celtics,United States,1982,East,Fans,6,9,81,1978,1,6
Julius Erving,SF,200,Philadelphia Sixers,United States,1982,East,Fans,6,6,78,1972,1,12
Artis Gilmore,C,240,Chicago Bulls,United States,1982,East,Fans,7,2,86,1971,7,15
Bobby Jones,SF,210,Philadelphia Sixers,United States,1982,East,Coaches,6,9,81,1974,1,5
Bob Lanier,C,250,Milwaukee Bucks,United States,1982,East,Coaches,6,11,83,1970,1,1
Sidney Moncrief,SG,180,Milwaukee Bucks,United States,1982,East,Coaches,6,3,75,1979,1,5
Robert Parish,C,230,Boston Celtics,United States,1982,East,Coaches,7,0,84,1976,1,8
Micheal Ray Richardson,PG,189,New York Knicks,United States,1982,East,Coaches,6,5,77,1978,1,4
Dan Roundfield,PF,205,Atlanta Hawks,United States,1982,East,Coaches,6,8,80,1975,2,10
Isiah Thomas,PG,180,Detroit Pistons,United States,1982,East,Fans,6,1,73,1981,1,2
Kelly Tripucka,SF,220,Detroit Pistons,United States,1982,East,Coaches,6,6,78,1981,1,12
Buck Williams,PF,215,New Jersey Nets,United States,1982,East,Coaches,6,8,80,1981,1,3
Kareem Abdul-Jabbar,C,225,Los Angeles Lakers,United States,1982,West,Fans,7,2,86,1969,1,1
Adrian Dantley,SF,208,Utah Jazz,United States,1982,West,Fans,6,5,77,1976,1,6
Alex English,SF,190,Denver Nuggets,United States,1982,West,Coaches,6,7,79,1976,2,6
George Gervin,GF,180,San Antonio Spurs,United States,1982,West,Fans,6,7,79,1974,3,4
Dennis Johnson,PG,185,Phoenix Suns,United States,1982,West,Coaches,6,4,76,1976,2,12
Magic Johnson,PG,255,Los Angeles Lakers,United States,1982,West,Coaches,6,9,81,1979,1,1
Bernard King,SF,205,Golden State Warriors,United States,1982,West,Coaches,6,7,79,1977,1,7
Moses Malone,C,215,Houston Rockets,United States,1982,West,Coaches,6,10,82,-,-,-
Norm Nixon,G,170,Los Angeles Lakers,United States,1982,West,Coaches,6,2,74,1977,1,22
Lonnie Shelton,FC,240,Seattle SuperSonics,United States,1982,West,Fans,6,8,80,1976,2,8
Jack Sikma,C,230,Seattle SuperSonics,United States,1982,West,Coaches,6,11,83,1977,1,8
Gus Williams,G,175,Seattle SuperSonics,United States,1982,West,Fans,6,2,74,1975,2,2
Kareem Abdul-Jabbar,C,225,Los Angeles Lakers,United States,1983,West,Fans,7,2,86,1969,1,1
Alex English,SF,190,Denver Nuggets,United States,1983,West,Fans,6,7,79,1976,2,6
George Gervin,GF,180,San Antonio Spurs,United States,1983,West,Coaches,6,7,79,1974,3,4
Artis Gilmore,C,240,San Antonio Spurs,United States,1983,West,Coaches,7,2,86,1971,7,15
Magic Johnson,PG,255,Los Angeles Lakers,United States,1983,West,Fans,6,9,81,1979,1,1
Maurice Lucas,PF,215,Phoenix Suns,United States,1983,West,Fans,6,9,81,1974,1,14
Jim Paxson,SG,200,Portland Trail Blazers,United States,1983,West,Coaches,6,6,78,1979,1,12
Jack Sikma,C,230,Seattle SuperSonics,United States,1983,West,Coaches,6,11,83,1977,1,8
David Thompson,GF,195,Seattle SuperSonics,United States,1983,West,Fans,6,5,77,1975,1,1
Kiki Vandeweghe,SF,220,Denver Nuggets,United States,1983,West,Coaches,6,8,80,1980,1,11
Jamaal Wilkes,GF,190,Los Angeles Lakers,United States,1983,West,Coaches,6,6,78,1974,1,11
Gus Williams,G,175,Seattle SuperSonics,United States,1983,West,Coaches,6,2,74,1975,2,2
Larry Bird,SF,220,Boston Celtics,United States,1983,East,Fans,6,9,81,1978,1,6
Mo Cheeks,PG,180,Philadelphia Sixers,United States,1983,East,Fans,6,1,73,1978,2,14
Julius Erving,SF,200,Philadelphia Sixers,United States,1983,East,Fans,6,6,78,1972,1,12
Marques Johnson,GF,218,Milwaukee Bucks,United States,1983,East,Coaches,6,7,79,1977,1,3
Bill Laimbeer,C,245,Detroit Pistons,United States,1983,East,Coaches,6,11,83,1979,3,21
Moses Malone,C,215,Philadelphia Sixers,United States,1983,East,Fans,6,10,82,-,-,-
Sidney Moncrief,SG,180,Milwaukee Bucks,United States,1983,East,Coaches,6,3,75,1979,1,5
Robert Parish,C,230,Boston Celtics,United States,1983,East,Coaches,7,0,84,1976,1,8
Reggie Theus,GF,190,Chicago Bulls,United States,1983,East,Coaches,6,7,79,1978,1,9
Isiah Thomas,PG,180,Detroit Pistons,United States,1983,East,Fans,6,1,73,1981,1,2
Andrew Toney,G,178,Philadelphia Sixers,United States,1983,East,Coaches,6,3,75,1980,1,8
Buck Williams,PF,215,New Jersey Nets,United States,1983,East,Coaches,6,8,80,1981,1,3
Kareem Abdul-Jabbar,C,225,Los Angeles Lakers,United States,1984,West,Fans,7,2,86,1969,1,1
Mark Aguirre,SF,232,Dallas Mavericks,United States,1984,West,Coaches,6,6,78,1981,1,1
Adrian Dantley,SF,208,Utah Jazz,United States,1984,West,Fans,6,5,77,1976,1,6
Walter Davis,GF,193,Phoenix Suns,United States,1984,West,Coaches,6,6,78,1977,1,5
Alex English,SF,190,Denver Nuggets,United States,1984,West,Fans,6,7,79,1976,2,6
George Gervin,GF,180,San Antonio Spurs,United States,1984,West,Fans,6,7,79,1974,3,4
Rickey Green,PG,170,Utah Jazz,United States,1984,West,Coaches,6,0,72,1977,1,16
Magic Johnson,PG,255,Los Angeles Lakers,United States,1984,West,Fans,6,9,81,1979,1,1
Jim Paxson,SG,200,Portland Trail Blazers,United States,1984,West,Coaches,6,6,78,1979,1,12
Ralph Sampson,C,228,Houston Rockets,United States,1984,West,Coaches,7,4,88,1983,1,1
Jack Sikma,C,230,Seattle SuperSonics,United States,1984,West,Coaches,6,11,83,1977,1,8
Kiki Vandeweghe,SF,220,Denver Nuggets,United States,1984,West,Coaches,6,8,80,1980,1,11
Larry Bird,SF,220,Boston Celtics,United States,1984,East,Fans,6,9,81,1978,1,6
Otis Birdsong,GF,190,New Jersey Nets,United States,1984,East,Coaches,6,3,75,1977,1,2
Julius Erving,SF,200,Philadelphia Sixers,United States,1984,East,Fans,6,6,78,1972,1,12
Bernard King,SF,205,New York Knicks,United States,1984,East,Coaches,6,7,79,1977,1,7
Bill Laimbeer,C,245,Detroit Pistons,United States,1984,East,Replacement,6,11,83,1979,3,21
Moses Malone,C,215,Philadelphia Sixers,United States,1984,East,Fans,6,10,82,-,-,-
Kevin McHale,PF,210,Boston Celtics,United States,1984,East,Coaches,6,10,82,1980,1,3
Sidney Moncrief,SG,180,Milwaukee Bucks,United States,1984,East,Fans,6,3,75,1979,1,5
Robert Parish,C,230,Boston Celtics,United States,1984,East,Coaches,7,0,84,1976,1,8
Jeff Ruland,C,240,Washington Bullets,United States,1984,East,Coaches,6,10,82,1980,2,2
Isiah Thomas,PG,180,Detroit Pistons,United States,1984,East,Fans,6,1,73,1981,1,2
Andrew Toney,G,178,Philadelphia Sixers,United States,1984,East,Coaches,6,3,75,1980,1,8
Kelly Tripucka,SF,220,Detroit Pistons,United States,1984,East,Coaches,6,6,78,1981,1,12
Larry Bird,SF,220,Boston Celtics,United States,1985,East,Fans,6,9,81,1978,1,6
Terry Cummings,PF,220,Milwaukee Bucks,United States,1985,East,Coaches,6,9,81,1982,1,2
Julius Erving,SF,200,Philadelphia Sixers,United States,1985,East,Fans,6,6,78,1972,1,12
Dennis Johnson,PG,185,Boston Celtics,United States,1985,East,Coaches,6,4,76,1976,2,12
Michael Jordan,SG,215,Chicago Bulls,United States,1985,East,Fans,6,6,78,1984,1,3
Bernard King,SF,205,New York Knicks,United States,1985,East,Coaches,6,7,79,1977,1,7
Bill Laimbeer,C,245,Detroit Pistons,United States,1985,East,Coaches,6,11,83,1979,3,21
Moses Malone,C,215,Philadelphia Sixers,United States,1985,East,Fans,6,10,82,-,-,-
Sidney Moncrief,SG,180,Milwaukee Bucks,United States,1985,East,Coaches,6,3,75,1979,1,5
Robert Parish,C,230,Boston Celtics,United States,1985,East,Coaches,7,0,84,1976,1,8
Micheal Ray Richardson,PG,189,New Jersey Nets,United States,1985,East,Coaches,6,5,77,1978,1,4
Isiah Thomas,PG,180,Detroit Pistons,United States,1985,East,Fans,6,1,73,1981,1,2
Kareem Abdul-Jabbar,C,225,Los Angeles Lakers,United States,1985,West,Fans,7,2,86,1969,1,1
Rolando Blackman,G,190,Dallas Mavericks,Panama United States,1985,West,Coaches,6,6,78,1981,1,9
Adrian Dantley,SF,208,Utah Jazz,United States,1985,West,Fans,6,5,77,1976,1,6
Alex English,SF,190,Denver Nuggets,United States,1985,West,Coaches,6,7,79,1976,2,6
George Gervin,GF,180,San Antonio Spurs,United States,1985,West,Fans,6,7,79,1974,3,4
Magic Johnson,PG,255,Los Angeles Lakers,United States,1985,West,Fans,6,9,81,1979,1,1
Larry Nance,PF,205,Phoenix Suns,United States,1985,West,Coaches,6,10,82,1981,1,20
Calvin Natt,F,220,Denver Nuggets,United States,1985,West,Coaches,6,6,78,1979,1,8
Norm Nixon,G,170,Los Angeles Clippers,United States,1985,West,Coaches,6,2,74,1977,1,22
Hakeem Olajuwon,C,255,Houston Rockets,Nigeria United States,1985,West,Coaches,7,0,84,1984,1,1
Ralph Sampson,C,228,Houston Rockets,United States,1985,West,Fans,7,4,88,1983,1,1
Jack Sikma,C,230,Seattle SuperSonics,United States,1985,West,Coaches,6,11,83,1977,1,8
Kareem Abdul-Jabbar,C,225,Los Angeles Lakers,United States,1986,West,Fans,7,2,86,1969,1,1
Rolando Blackman,G,190,Dallas Mavericks,Panama United States,1986,West,Coaches,6,6,78,1981,1,9
Adrian Dantley,SF,208,Utah Jazz,United States,1986,West,Coaches,6,5,77,1976,1,6
Clyde Drexler,SG,210,Portland Trail Blazers,United States,1986,West,Coaches,6,7,79,1983,1,14
Alex English,SF,190,Denver Nuggets,United States,1986,West,Coaches,6,7,79,1976,2,6
Artis Gilmore,C,240,San Antonio Spurs,United States,1986,West,Coaches,7,2,86,1971,7,15
Magic Johnson,PG,255,Los Angeles Lakers,United States,1986,West,Fans,6,9,81,1979,1,1
Marques Johnson,GF,218,Los Angeles Clippers,United States,1986,West,Coaches,6,7,79,1977,1,3
Hakeem Olajuwon,C,255,Houston Rockets,Nigeria United States,1986,West,Coaches,7,0,84,1984,1,1
Alvin Robertson,SG,185,San Antonio Spurs,United States,1986,West,Fans,6,3,75,1984,1,7
Ralph Sampson,C,228,Houston Rockets,United States,1986,West,Fans,7,4,88,1983,1,1
James Worthy,SF,225,Los Angeles Lakers,United States,1986,West,Fans,6,9,81,1982,1,1
Larry Bird,SF,220,Boston Celtics,United States,1986,East,Fans,6,9,81,1978,1,6
Mo Cheeks,PG,180,Philadelphia Sixers,United States,1986,East,Coaches,6,1,73,1978,2,14
Julius Erving,SF,200,Philadelphia Sixers,United States,1986,East,Fans,6,6,78,1972,1,12
Patrick Ewing,C,240,New York Knicks,United States Jamaica,1986,East,Coaches,7,0,84,1985,1,1
Michael Jordan,SG,215,Chicago Bulls,United States,1986,East,Fans,6,6,78,1984,1,3
Jeff Malone,SG,205,Washington Bullets,United States,1986,East,Coaches,6,4,76,1983,1,10
Moses Malone,C,215,Philadelphia Sixers,United States,1986,East,Fans,6,10,82,-,-,-
Kevin McHale,PF,210,Boston Celtics,United States,1986,East,Coaches,6,10,82,1980,1,3
Sidney Moncrief,SG,180,Milwaukee Bucks,United States,1986,East,Replacement,6,3,75,1979,1,5
Robert Parish,C,230,Boston Celtics,United States,1986,East,Coaches,7,0,84,1976,1,8
Isiah Thomas,PG,180,Detroit Pistons,United States,1986,East,Fans,6,1,73,1981,1,2
Dominique Wilkins,SF,200,Atlanta Hawks,United States,1986,East,Coaches,6,7,79,1982,1,3
Buck Williams,PF,215,New Jersey Nets,United States,1986,East,Coaches,6,8,80,1981,1,3
Kareem Abdul-Jabbar,C,225,Los Angeles Lakers,United States,1987,West,Coaches,7,2,86,1969,1,1
Mark Aguirre,SF,232,Dallas Mavericks,United States,1987,West,Coaches,6,6,78,1981,1,1
Rolando Blackman,G,190,Dallas Mavericks,Panama United States,1987,West,Coaches,6,6,78,1981,1,9
Joe Barry Carroll,FC,225,Golden State Warriors,United States,1987,West,Coaches,7,0,84,1980,1,1
Tom Chambers,PF,220,Seattle SuperSonics,United States,1987,West,Replacement,6,10,82,1981,1,8
Walter Davis,GF,193,Phoenix Suns,United States,1987,West,Coaches,6,6,78,1977,1,5
Alex English,SF,190,Denver Nuggets,United States,1987,West,Coaches,6,7,79,1976,2,6
Sleepy Floyd,PG,170,Golden State Warriors,United States,1987,West,Coaches,6,3,75,1982,1,13
Magic Johnson,PG,255,Los Angeles Lakers,United States,1987,West,Fans,6,9,81,1979,1,1
Hakeem Olajuwon,C,255,Houston Rockets,Nigeria United States,1987,West,Fans,7,0,84,1984,1,1
Alvin Robertson,SG,185,San Antonio Spurs,United States,1987,West,Fans,6,3,75,1984,1,7
Ralph Sampson,C,228,Houston Rockets,United States,1987,West,Fans,7,4,88,1983,1,1
James Worthy,SF,225,Los Angeles Lakers,United States,1987,West,Fans,6,9,81,1982,1,1
Charles Barkley,PF,252,Philadelphia Sixers,United States,1987,East,Coaches,6,6,78,1984,1,5
Larry Bird,SF,220,Boston Celtics,United States,1987,East,Fans,6,9,81,1978,1,6
Mo Cheeks,PG,180,Philadelphia Sixers,United States,1987,East,Coaches,6,1,73,1978,2,14
Julius Erving,SF,200,Philadelphia Sixers,United States,1987,East,Fans,6,6,78,1972,1,12
Michael Jordan,SG,215,Chicago Bulls,United States,1987,East,Fans,6,6,78,1984,1,3
Bill Laimbeer,C,245,Detroit Pistons,United States,1987,East,Coaches,6,11,83,1979,3,21
Jeff Malone,SG,205,Washington Bullets,United States,1987,East,Coaches,6,4,76,1983,1,10
Moses Malone,C,215,Washington Bullets,United States,1987,East,Fans,6,10,82,-,-,-
Kevin McHale,PF,210,Boston Celtics,United States,1987,East,Coaches,6,10,82,1980,1,3
Robert Parish,C,230,Boston Celtics,United States,1987,East,Coaches,7,0,84,1976,1,8
Isiah Thomas,PG,180,Detroit Pistons,United States,1987,East,Coaches,6,1,73,1981,1,2
Dominique Wilkins,SF,200,Atlanta Hawks,United States,1987,East,Fans,6,7,79,1982,1,3
Danny Ainge,G,175,Boston Celtics,United States,1988,East,Coaches,6,4,76,1981,2,8
Charles Barkley,PF,252,Philadelphia Sixers,United States,1988,East,Coaches,6,6,78,1984,1,5
Larry Bird,SF,220,Boston Celtics,United States,1988,East,Fans,6,9,81,1978,1,6
Mo Cheeks,PG,180,Philadelphia Sixers,United States,1988,East,Coaches,6,1,73,1978,2,14
Brad Daugherty,C,245,Cleveland Cavaliers,United States,1988,East,Coaches,7,0,84,1986,1,1
Patrick Ewing,C,240,New York Knicks,United States Jamaica,1988,East,Coaches,7,0,84,1985,1,1
Michael Jordan,SG,215,Chicago Bulls,United States,1988,East,Fans,6,6,78,1984,1,3
Moses Malone,C,215,Washington Bullets,United States,1988,East,Fans,6,10,82,-,-,-
Kevin McHale,PF,210,Boston Celtics,United States,1988,East,Coaches,6,10,82,1980,1,3
Doc Rivers,G,185,Atlanta Hawks,United States,1988,East,Coaches,6,4,76,1983,2,7
Isiah Thomas,PG,180,Detroit Pistons,United States,1988,East,Fans,6,1,73,1981,1,2
Dominique Wilkins,SF,200,Atlanta Hawks,United States,1988,East,Fans,6,7,79,1982,1,3
Kareem Abdul-Jabbar,C,225,Los Angeles Lakers,United States,1988,West,Coaches,7,2,86,1969,1,1
Mark Aguirre,SF,232,Dallas Mavericks,United States,1988,West,Coaches,6,6,78,1981,1,1
James Donaldson,C,275,Dallas Mavericks,England,1988,West,Coaches,7,2,86,1979,4,7
Clyde Drexler,SG,210,Portland Trail Blazers,United States,1988,West,Coaches,6,7,79,1983,1,14
Alex English,SF,190,Denver Nuggets,United States,1988,West,Fans,6,7,79,1976,2,6
Magic Johnson,PG,255,Los Angeles Lakers,United States,1988,West,Fans,6,9,81,1979,1,1
Fat Lever,PG,170,Denver Nuggets,United States,1988,West,Fans,6,3,75,1982,1,11
Karl Malone,PF,265,Utah Jazz,United States,1988,West,Fans,6,9,81,1985,1,13
Xavier McDaniel,PF,205,Seattle SuperSonics,United States,1988,West,Coaches,6,7,79,1985,1,4
Hakeem Olajuwon,C,255,Houston Rockets,Nigeria United States,1988,West,Fans,7,0,84,1984,1,1
Alvin Robertson,SG,185,San Antonio Spurs,United States,1988,West,Coaches,6,3,75,1984,1,7
James Worthy,SF,225,Los Angeles Lakers,United States,1988,West,Coaches,6,9,81,1982,1,1
Kareem Abdul-Jabbar,C,225,Los Angeles Lakers,United States,1989,West,Replacement,7,2,86,1969,1,1
Tom Chambers,PF,220,Phoenix Suns,United States,1989,West,Coaches,6,10,82,1981,1,8
Clyde Drexler,SG,210,Portland Trail Blazers,United States,1989,West,Coaches,6,7,79,1983,1,14
Kevin Duckworth,C,275,Portland Trail Blazers,United States,1989,West,Coaches,7,0,84,1986,2,9
Mark Eaton,C,275,Utah Jazz,United States,1989,West,Coaches,7,4,88,1979,5,19
Dale Ellis,GF,205,Seattle SuperSonics,United States,1989,West,Fans,6,7,79,1983,1,9
Alex English,SF,190,Denver Nuggets,United States,1989,West,Fans,6,7,79,1976,2,6
Magic Johnson,PG,255,Los Angeles Lakers,United States,1989,West,Fans,6,9,81,1979,1,1
Karl Malone,PF,265,Utah Jazz,United States,1989,West,Fans,6,9,81,1985,1,13
Chris Mullin,SF,215,Golden State Warriors,United States,1989,West,Coaches,6,7,79,1985,1,7
Hakeem Olajuwon,C,255,Houston Rockets,Nigeria United States,1989,West,Fans,7,0,84,1984,1,1
John Stockton,PG,170,Utah Jazz,United States,1989,West,Coaches,6,1,73,1984,1,16
James Worthy,SF,225,Los Angeles Lakers,United States,1989,West,Coaches,6,9,81,1982,1,1
Charles Barkley,PF,252,Philadelphia Sixers,United States,1989,East,Fans,6,6,78,1984,1,5
Terry Cummings,PF,220,Milwaukee Bucks,United States,1989,East,Coaches,6,9,81,1982,1,2
Brad Daugherty,C,245,Cleveland Cavaliers,United States,1989,East,Coaches,7,0,84,1986,1,1
Patrick Ewing,C,240,New York Knicks,United States Jamaica,1989,East,Coaches,7,0,84,1985,1,1
Mark Jackson,PG,180,New York Knicks,United States,1989,East,Coaches,6,1,73,1987,1,18
Michael Jordan,SG,215,Chicago Bulls,United States,1989,East,Fans,6,6,78,1984,1,3
Moses Malone,C,215,Atlanta Hawks,United States,1989,East,Fans,6,10,82,-,-,-
Kevin McHale,PF,210,Boston Celtics,United States,1989,East,Coaches,6,10,82,1980,1,3
Larry Nance,PF,205,Cleveland Cavaliers,United States,1989,East,Coaches,6,10,82,1981,1,20
Mark Price,PG,170,Cleveland Cavaliers,United States,1989,East,Coaches,6,0,72,1986,2,1
Isiah Thomas,PG,180,Detroit Pistons,United States,1989,East,Fans,6,1,73,1981,1,2
Dominique Wilkins,SF,200,Atlanta Hawks,United States,1989,East,Fans,6,7,79,1982,1,3
Charles Barkley,PF,252,Philadelphia Sixers,United States,1990,East,Fans,6,6,78,1984,1,5
Larry Bird,SF,220,Boston Celtics,United States,1990,East,Fans,6,9,81,1978,1,6
Joe Dumars,SG,190,Detroit Pistons,United States,1990,East,Coaches,6,3,75,1985,1,18
Patrick Ewing,C,240,New York Knicks,United States Jamaica,1990,East,Fans,7,0,84,1985,1,1
Michael Jordan,SG,215,Chicago Bulls,United States,1990,East,Fans,6,6,78,1984,1,3
Kevin McHale,PF,210,Boston Celtics,United States,1990,East,Coaches,6,10,82,1980,1,3
Reggie Miller,SG,185,Indiana Pacers,United States,1990,East,Coaches,6,7,79,1987,1,11
Robert Parish,C,230,Boston Celtics,United States,1990,East,Coaches,7,0,84,1976,1,8
Scottie Pippen,SF,228,Chicago Bulls,United States,1990,East,Coaches,6,8,80,1987,1,5
Dennis Rodman,PF,210,Detroit Pistons,United States,1990,East,Coaches,6,7,79,1986,2,3
Isiah Thomas,PG,180,Detroit Pistons,United States,1990,East,Fans,6,1,73,1981,1,2
Dominique Wilkins,SF,200,Atlanta Hawks,United States,1990,East,Coaches,6,7,79,1982,1,3
Rolando Blackman,G,190,Dallas Mavericks,Panama United States,1990,West,Replacement,6,6,78,1981,1,9
Tom Chambers,PF,220,Phoenix Suns,United States,1990,West,Coaches,6,10,82,1981,1,8
Clyde Drexler,SG,210,Portland Trail Blazers,United States,1990,West,Coaches,6,7,79,1983,1,14
A.C. Green,PF,220,Los Angeles Lakers,United States,1990,West,Fans,6,9,81,1985,1,23
Kevin Johnson,PG,180,Phoenix Suns,United States,1990,West,Coaches,6,1,73,1987,1,7
Magic Johnson,PG,255,Los Angeles Lakers,United States,1990,West,Fans,6,9,81,1979,1,1
Fat Lever,PG,170,Denver Nuggets,United States,1990,West,Coaches,6,3,75,1982,1,11
Karl Malone,PF,265,Utah Jazz,United States,1990,West,Coaches,6,9,81,1985,1,13
Chris Mullin,SF,215,Golden State Warriors,United States,1990,West,Coaches,6,7,79,1985,1,7
Hakeem Olajuwon,C,255,Houston Rockets,Nigeria United States,1990,West,Fans,7,0,84,1984,1,1
David Robinson,C,250,San Antonio Spurs,United States,1990,West,Coaches,7,1,85,1987,1,1
John Stockton,PG,170,Utah Jazz,United States,1990,West,Fans,6,1,73,1984,1,16
James Worthy,SF,225,Los Angeles Lakers,United States,1990,West,Fans,6,9,81,1982,1,1
Charles Barkley,PF,252,Philadelphia Sixers,United States,1991,East,Fans,6,6,78,1984,1,5
Larry Bird,SF,220,Boston Celtics,United States,1991,East,Fans,6,9,81,1978,1,6
Brad Daugherty,C,245,Cleveland Cavaliers,United States,1991,East,Coaches,7,0,84,1986,1,1
Joe Dumars,SG,190,Detroit Pistons,United States,1991,East,Coaches,6,3,75,1985,1,18
Patrick Ewing,C,240,New York Knicks,United States Jamaica,1991,East,Fans,7,0,84,1985,1,1
Hersey Hawkins,SG,190,Philadelphia Sixers,United States,1991,East,Replacement,6,3,75,1988,1,6
Michael Jordan,SG,215,Chicago Bulls,United States,1991,East,Fans,6,6,78,1984,1,3
Bernard King,SF,205,Washington Bullets,United States,1991,East,Coaches,6,7,79,1977,1,7
Kevin McHale,PF,210,Boston Celtics,United States,1991,East,Coaches,6,10,82,1980,1,3
Robert Parish,C,230,Boston Celtics,United States,1991,East,Coaches,7,0,84,1976,1,8
Ricky Pierce,SG,205,Milwaukee Bucks,United States,1991,East,Coaches,6,4,76,1982,1,18
Alvin Robertson,SG,185,Milwaukee Bucks,United States,1991,East,Coaches,6,3,75,1984,1,7
Isiah Thomas,PG,180,Detroit Pistons,United States,1991,East,Fans,6,1,73,1981,1,2
Dominique Wilkins,SF,200,Atlanta Hawks,United States,1991,East,Coaches,6,7,79,1982,1,3
Tom Chambers,PF,220,Phoenix Suns,United States,1991,West,Coaches,6,10,82,1981,1,8
Clyde Drexler,SG,210,Portland Trail Blazers,United States,1991,West,Coaches,6,7,79,1983,1,14
Kevin Duckworth,C,275,Portland Trail Blazers,United States,1991,West,Coaches,7,0,84,1986,2,9
Tim Hardaway,PG,175,Golden State Warriors,United States,1991,West,Coaches,6,0,72,1989,1,14
Kevin Johnson,PG,180,Phoenix Suns,United States,1991,West,Fans,6,1,73,1987,1,7
Magic Johnson,PG,255,Los Angeles Lakers,United States,1991,West,Fans,6,9,81,1979,1,1
Karl Malone,PF,265,Utah Jazz,United States,1991,West,Fans,6,9,81,1985,1,13
Chris Mullin,SF,215,Golden State Warriors,United States,1991,West,Fans,6,7,79,1985,1,7
Terry Porter,PG,195,Portland Trail Blazers,United States,1991,West,Coaches,6,3,75,1985,1,24
David Robinson,C,250,San Antonio Spurs,United States,1991,West,Fans,7,1,85,1987,1,1
John Stockton,PG,170,Utah Jazz,United States,1991,West,Coaches,6,1,73,1984,1,16
James Worthy,SF,225,Los Angeles Lakers,United States,1991,West,Coaches,6,9,81,1982,1,1
Michael Adams,PG,163,Washington Bullets,United States,1992,East,Replacement,5,10,70,1985,3,19
Charles Barkley,PF,252,Philadelphia Sixers,United States,1992,East,Fans,6,6,78,1984,1,5
Larry Bird,SF,220,Boston Celtics,United States,1992,East,Fans,6,9,81,1978,1,6
Brad Daugherty,C,245,Cleveland Cavaliers,United States,1992,East,Coaches,7,0,84,1986,1,1
Joe Dumars,SG,190,Detroit Pistons,United States,1992,East,Coaches,6,3,75,1985,1,18
Patrick Ewing,C,240,New York Knicks,United States Jamaica,1992,East,Fans,7,0,84,1985,1,1
Michael Jordan,SG,215,Chicago Bulls,United States,1992,East,Fans,6,6,78,1984,1,3
Reggie Lewis,SF,195,Boston Celtics,United States,1992,East,Coaches,6,7,79,1987,1,22
Scottie Pippen,SF,228,Chicago Bulls,United States,1992,East,Coaches,6,8,80,1987,1,5
Mark Price,PG,170,Cleveland Cavaliers,United States,1992,East,Coaches,6,0,72,1986,2,1
Dennis Rodman,PF,210,Detroit Pistons,United States,1992,East,Coaches,6,7,79,1986,2,3
Isiah Thomas,PG,180,Detroit Pistons,United States,1992,East,Fans,6,1,73,1981,1,2
Dominique Wilkins,SF,200,Atlanta Hawks,United States,1992,East,Coaches,6,7,79,1982,1,3
Kevin Willis,C,245,Atlanta Hawks,United States,1992,East,Replacement,7,0,84,1984,1,11
Clyde Drexler,SG,210,Portland Trail Blazers,United States,1992,West,Fans,6,7,79,1983,1,14
Tim Hardaway,PG,175,Golden State Warriors,United States,1992,West,Coaches,6,0,72,1989,1,14
Jeff Hornacek,SG,190,Phoenix Suns,United States,1992,West,Coaches,6,3,75,1986,2,22
Magic Johnson,PG,255,Los Angeles Lakers,United States,1992,West,Fans,6,9,81,1979,1,1
Dan Majerle,SG,215,Phoenix Suns,United States,1992,West,Coaches,6,6,78,1988,1,14
Karl Malone,PF,265,Utah Jazz,United States,1992,West,Fans,6,9,81,1985,1,13
Chris Mullin,SF,215,Golden State Warriors,United States,1992,West,Fans,6,7,79,1985,1,7
Dikembe Mutombo,C,260,Denver Nuggets,Democratic Republic of the Congo,1992,West,Coaches,7,2,86,1991,1,4
Hakeem Olajuwon,C,255,Houston Rockets,Nigeria United States,1992,West,Coaches,7,0,84,1984,1,1
David Robinson,C,250,San Antonio Spurs,United States,1992,West,Fans,7,1,85,1987,1,1
John Stockton,PG,170,Utah Jazz,United States,1992,West,Coaches,6,1,73,1984,1,16
Otis Thorpe,PF,225,Houston Rockets,United States,1992,West,Coaches,6,9,81,1984,1,9
James Worthy,SF,225,Los Angeles Lakers,United States,1992,West,Coaches,6,9,81,1982,1,1
Charles Barkley,PF,252,Phoenix Suns,United States,1993,West,Fans,6,6,78,1984,1,5
Clyde Drexler,SG,210,Portland Trail Blazers,United States,1993,West,Fans,6,7,79,1983,1,14
Sean Elliott,SF,205,San Antonio Spurs,United States,1993,West,Coaches,6,8,80,1989,1,3
Tim Hardaway,PG,175,Golden State Warriors,United States,1993,West,Coaches,6,0,72,1989,1,14
Shawn Kemp,C,280,Seattle SuperSonics,United States,1993,West,Coaches,6,10,82,1989,1,17
Dan Majerle,SG,215,Phoenix Suns,United States,1993,West,Coaches,6,6,78,1988,1,14
Karl Malone,PF,265,Utah Jazz,United States,1993,West,Fans,6,9,81,1985,1,13
Danny Manning,F,230,Los Angeles Clippers,United States,1993,West,Coaches,6,10,82,1988,1,1
Chris Mullin,SF,215,Golden State Warriors,United States,1993,West,Coaches,6,7,79,1985,1,7
Hakeem Olajuwon,C,255,Houston Rockets,Nigeria United States,1993,West,Coaches,7,0,84,1984,1,1
Terry Porter,PG,195,Portland Trail Blazers,United States,1993,West,Replacement,6,3,75,1985,1,24
Mitch Richmond,SG,215,Sacramento Kings,United States,1993,West,Coaches,6,5,77,1988,1,5
David Robinson,C,250,San Antonio Spurs,United States,1993,West,Fans,7,1,85,1987,1,1
John Stockton,PG,170,Utah Jazz,United States,1993,West,Fans,6,1,73,1984,1,16
Brad Daugherty,C,245,Cleveland Cavaliers,United States,1993,East,Coaches,7,0,84,1986,1,1
Joe Dumars,SG,190,Detroit Pistons,United States,1993,East,Coaches,6,3,75,1985,1,18
Patrick Ewing,C,240,New York Knicks,United States Jamaica,1993,East,Coaches,7,0,84,1985,1,1
Larry Johnson,F,250,Charlotte Hornets,United States,1993,East,Fans,6,6,78,1991,1,1
Michael Jordan,SG,215,Chicago Bulls,United States,1993,East,Fans,6,6,78,1984,1,3
Larry Nance,PF,205,Cleveland Cavaliers,United States,1993,East,Coaches,6,10,82,1981,1,20
Shaquille O'Neal,C,325,Orlando Magic,United States,1993,East,Fans,7,1,85,1992,1,1
Scottie Pippen,SF,228,Chicago Bulls,United States,1993,East,Fans,6,8,80,1987,1,5
Mark Price,PG,170,Cleveland Cavaliers,United States,1993,East,Coaches,6,0,72,1986,2,1
Detlef Schrempf,SF,214,Indiana Pacers,Germany United States,1993,East,Coaches,6,9,81,1985,1,8
Isiah Thomas,PG,180,Detroit Pistons,United States,1993,East,Fans,6,1,73,1981,1,2
Dominique Wilkins,SF,200,Atlanta Hawks,United States,1993,East,Coaches,6,7,79,1982,1,3
Charles Barkley,PF,252,Phoenix Suns,United States,1994,West,Fans,6,6,78,1984,1,5
Clyde Drexler,SG,210,Portland Trail Blazers,United States,1994,West,Fans,6,7,79,1983,1,14
Kevin Johnson,PG,180,Phoenix Suns,United States,1994,West,Coaches,6,1,73,1987,1,7
Shawn Kemp,C,280,Seattle SuperSonics,United States,1994,West,Fans,6,10,82,1989,1,17
Karl Malone,PF,265,Utah Jazz,United States,1994,West,Coaches,6,9,81,1985,1,13
Danny Manning,F,230,Los Angeles Clippers,United States,1994,West,Coaches,6,10,82,1988,1,1
Hakeem Olajuwon,C,255,Houston Rockets,Nigeria United States,1994,West,Fans,7,0,84,1984,1,1
Gary Payton,G,180,Seattle SuperSonics,United States,1994,West,Replacement,6,4,76,1990,1,2
Mitch Richmond,SG,215,Sacramento Kings,United States,1994,West,Fans,6,5,77,1988,1,5
Cliff Robinson,PF,225,Portland Trail Blazers,United States,1994,West,Coaches,6,10,82,1989,2,9
David Robinson,C,250,San Antonio Spurs,United States,1994,West,Coaches,7,1,85,1987,1,1
Latrell Sprewell,SG,190,Golden State Warriors,United States,1994,West,Coaches,6,5,77,1992,1,24
John Stockton,PG,170,Utah Jazz,United States,1994,West,Coaches,6,1,73,1984,1,16
Kenny Anderson,PG,168,New Jersey Nets,United States,1994,East,Fans,6,0,72,1991,1,2
B.J. Armstrong,G,175,Chicago Bulls,United States,1994,East,Fans,6,2,74,1989,1,18
Mookie Blaylock,PG,190,Atlanta Hawks,United States,1994,East,Coaches,6,1,73,1989,1,12
Derrick Coleman,FC,230,New Jersey Nets,United States,1994,East,Fans,6,10,82,1990,1,1
Patrick Ewing,C,240,New York Knicks,United States Jamaica,1994,East,Coaches,7,0,84,1985,1,1
Horace Grant,PF,255,Chicago Bulls,United States,1994,East,Replacement,6,10,82,1987,1,10
Alonzo Mourning,C,240,Charlotte Hornets,United States,1994,East,Coaches,6,10,82,1992,1,2
Shaquille O'Neal,C,325,Orlando Magic,United States,1994,East,Fans,7,1,85,1992,1,1
Charles Oakley,PF,225,New York Knicks,United States,1994,East,Coaches,6,8,80,1985,1,9
Scottie Pippen,SF,228,Chicago Bulls,United States,1994,East,Fans,6,8,80,1987,1,5
Mark Price,PG,170,Cleveland Cavaliers,United States,1994,East,Coaches,6,0,72,1986,2,1
John Starks,SG,180,New York Knicks,United States,1994,East,Coaches,6,3,75,-,-,-
Dominique Wilkins,SF,200,Atlanta Hawks,United States,1994,East,Coaches,6,7,79,1982,1,3
Charles Barkley,PF,252,Phoenix Suns,United States,1995,West,Fans,6,6,78,1984,1,5
Cedric Ceballos,SF,190,Los Angeles Lakers,United States,1995,West,Coaches,6,6,78,1990,2,21
Shawn Kemp,C,280,Seattle SuperSonics,United States,1995,West,Fans,6,10,82,1989,1,17
Dan Majerle,SG,215,Phoenix Suns,United States,1995,West,Fans,6,6,78,1988,1,14
Karl Malone,PF,265,Utah Jazz,United States,1995,West,Coaches,6,9,81,1985,1,13
Dikembe Mutombo,C,260,Denver Nuggets,Democratic Republic of the Congo,1995,West,Replacement,7,2,86,1991,1,4
Hakeem Olajuwon,C,255,Houston Rockets,Nigeria United States,1995,West,Fans,7,0,84,1984,1,1
Gary Payton,G,180,Seattle SuperSonics,United States,1995,West,Coaches,6,4,76,1990,1,2
Mitch Richmond,SG,215,Sacramento Kings,United States,1995,West,Coaches,6,5,77,1988,1,5
David Robinson,C,250,San Antonio Spurs,United States,1995,West,Coaches,7,1,85,1987,1,1
Detlef Schrempf,SF,214,Seattle SuperSonics,Germany United States,1995,West,Coaches,6,9,81,1985,1,8
Latrell Sprewell,SG,190,Golden State Warriors,United States,1995,West,Fans,6,5,77,1992,1,24
John Stockton,PG,170,Utah Jazz,United States,1995,West,Coaches,6,1,73,1984,1,16
Vin Baker,PF,240,Milwaukee Bucks,United States,1995,East,Coaches,6,11,83,1993,1,8
Dana Barros,PG,165,Philadelphia Sixers,United States,1995,East,Coaches,5,11,71,1989,1,16
Joe Dumars,SG,190,Detroit Pistons,United States,1995,East,Coaches,6,3,75,1985,1,18
Patrick Ewing,C,240,New York Knicks,United States Jamaica,1995,East,Coaches,7,0,84,1985,1,1
Penny Hardaway,PG,195,Orlando Magic,United States,1995,East,Fans,6,7,79,1993,1,3
Grant Hill,SF,225,Detroit Pistons,United States,1995,East,Fans,6,8,80,1994,1,3
Tyrone Hill,PF,240,Cleveland Cavaliers,United States,1995,East,Coaches,6,9,81,1990,1,11
Larry Johnson,F,250,Charlotte Hornets,United States,1995,East,Coaches,6,6,78,1991,1,1
Reggie Miller,SG,185,Indiana Pacers,United States,1995,East,Fans,6,7,79,1987,1,11
Alonzo Mourning,C,240,Charlotte Hornets,United States,1995,East,Coaches,6,10,82,1992,1,2
Shaquille O'Neal,C,325,Orlando Magic,United States,1995,East,Fans,7,1,85,1992,1,1
Scottie Pippen,SF,228,Chicago Bulls,United States,1995,East,Fans,6,8,80,1987,1,5
Charles Barkley,PF,252,Phoenix Suns,United States,1996,West,Fans,6,6,78,1984,1,5
Clyde Drexler,SG,210,Houston Rockets,United States,1996,West,Fans,6,7,79,1983,1,14
Sean Elliott,SF,205,San Antonio Spurs,United States,1996,West,Coaches,6,8,80,1989,1,3
Shawn Kemp,C,280,Seattle SuperSonics,United States,1996,West,Fans,6,10,82,1989,1,17
Jason Kidd,PG,210,Dallas Mavericks,United States,1996,West,Fans,6,4,76,1994,1,2
Karl Malone,PF,265,Utah Jazz,United States,1996,West,Coaches,6,9,81,1985,1,13
Dikembe Mutombo,C,260,Denver Nuggets,Democratic Republic of the Congo,1996,West,Coaches,7,2,86,1991,1,4
Hakeem Olajuwon,C,255,Houston Rockets,Nigeria United States,1996,West,Fans,7,0,84,1984,1,1
Gary Payton,G,180,Seattle SuperSonics,United States,1996,West,Coaches,6,4,76,1990,1,2
Mitch Richmond,SG,215,Sacramento Kings,United States,1996,West,Coaches,6,5,77,1988,1,5
David Robinson,C,250,San Antonio Spurs,United States,1996,West,Coaches,7,1,85,1987,1,1
John Stockton,PG,170,Utah Jazz,United States,1996,West,Coaches,6,1,73,1984,1,16
Vin Baker,PF,240,Milwaukee Bucks,United States,1996,East,Coaches,6,11,83,1993,1,8
Terrell Brandon,PG,180,Cleveland Cavaliers,United States,1996,East,Coaches,5,11,71,1991,1,11
Patrick Ewing,C,240,New York Knicks,United States Jamaica,1996,East,Coaches,7,0,84,1985,1,1
Penny Hardaway,PG,195,Orlando Magic,United States,1996,East,Fans,6,7,79,1993,1,3
Grant Hill,SF,225,Detroit Pistons,United States,1996,East,Fans,6,8,80,1994,1,3
Juwan Howard,PF,240,Washington Bullets,United States,1996,East,Coaches,6,9,81,1994,1,5
Michael Jordan,SG,215,Chicago Bulls,United States,1996,East,Fans,6,6,78,1984,1,3
Reggie Miller,SG,185,Indiana Pacers,United States,1996,East,Coaches,6,7,79,1987,1,11
Alonzo Mourning,C,240,Miami Heat,United States,1996,East,Coaches,6,10,82,1992,1,2
Shaquille O'Neal,C,325,Orlando Magic,United States,1996,East,Fans,7,1,85,1992,1,1
Scottie Pippen,SF,228,Chicago Bulls,United States,1996,East,Fans,6,8,80,1987,1,5
Glen Rice,SF,228,Charlotte Hornets,United States,1996,East,Coaches,6,8,80,1989,1,4
Vin Baker,PF,240,Milwaukee Bucks,United States,1997,East,Coaches,6,11,83,1993,1,8
Terrell Brandon,PG,180,Cleveland Cavaliers,United States,1997,East,Coaches,5,11,71,1991,1,11
Joe Dumars,SG,190,Detroit Pistons,United States,1997,East,Replacement,6,3,75,1985,1,18
Patrick Ewing,C,240,New York Knicks,United States Jamaica,1997,East,Fans,7,0,84,1985,1,1
Penny Hardaway,PG,195,Orlando Magic,United States,1997,East,Fans,6,7,79,1993,1,3
Tim Hardaway,PG,175,Miami Heat,United States,1997,East,Coaches,6,0,72,1989,1,14
Grant Hill,SF,225,Detroit Pistons,United States,1997,East,Fans,6,8,80,1994,1,3
Michael Jordan,SG,215,Chicago Bulls,United States,1997,East,Fans,6,6,78,1984,1,3
Christian Laettner,PF,245,Atlanta Hawks,United States,1997,East,Coaches,6,11,83,1992,1,3
Alonzo Mourning,C,240,Miami Heat,United States,1997,East,Coaches,6,10,82,1992,1,2
Dikembe Mutombo,C,260,Atlanta Hawks,Democratic Republic of the Congo,1997,East,Coaches,7,2,86,1991,1,4
Scottie Pippen,SF,228,Chicago Bulls,United States,1997,East,Fans,6,8,80,1987,1,5
Glen Rice,SF,228,Charlotte Hornets,United States,1997,East,Coaches,6,8,80,1989,1,4
Chris Webber,F-C,245,Washington Bullets,United States,1997,East,Replacement,6,9,81,1993,1,1
Charles Barkley,PF,252,Houston Rockets,United States,1997,West,Fans,6,6,78,1984,1,5
Clyde Drexler,SG,210,Houston Rockets,United States,1997,West,Coaches,6,7,79,1983,1,14
Kevin Garnett,PF,240,Minnesota Timberwolves,United States,1997,West,Replacement,6,11,83,1995,1,5
Chris Gatling,PF,220,Dallas Mavericks,United States,1997,West,Replacement,6,10,82,1991,1,16
Tom Gugliotta,PF,240,Minnesota Timberwolves,United States,1997,West,Coaches,6,10,82,1992,1,6
Eddie Jones,G-F,200,Los Angeles Lakers,United States,1997,West,Coaches,6,6,78,1994,1,10
Shawn Kemp,C,280,Seattle SuperSonics,United States,1997,West,Fans,6,10,82,1989,1,17
Karl Malone,PF,265,Utah Jazz,United States,1997,West,Coaches,6,9,81,1985,1,13
Shaquille O'Neal,C,325,Los Angeles Lakers,United States,1997,West,Coaches,7,1,85,1992,1,1
Hakeem Olajuwon,C,255,Houston Rockets,Nigeria United States,1997,West,Fans,7,0,84,1984,1,1
Gary Payton,G,180,Seattle SuperSonics,United States,1997,West,Fans,6,4,76,1990,1,2
Mitch Richmond,SG,215,Sacramento Kings,United States,1997,West,Coaches,6,5,77,1988,1,5
Detlef Schrempf,SF,214,Seattle SuperSonics,Germany United States,1997,West,Replacement,6,9,81,1985,1,8
Latrell Sprewell,SG,190,Golden State Warriors,United States,1997,West,Coaches,6,5,77,1992,1,24
John Stockton,PG,170,Utah Jazz,United States,1997,West,Fans,6,1,73,1984,1,16
Penny Hardaway,PG,195,Orlando Magic,United States,1998,East,Fans,6,7,79,1993,1,3
Tim Hardaway,PG,175,Miami Heat,United States,1998,East,Coaches,6,0,72,1989,1,14
Grant Hill,SF,225,Detroit Pistons,United States,1998,East,Fans,6,8,80,1994,1,3
Michael Jordan,SG,215,Chicago Bulls,United States,1998,East,Fans,6,6,78,1984,1,3
Shawn Kemp,C,280,Cleveland Cavaliers,United States,1998,East,Fans,6,10,82,1989,1,17
Reggie Miller,SG,185,Indiana Pacers,United States,1998,East,Coaches,6,7,79,1987,1,11
Dikembe Mutombo,C,260,Atlanta Hawks,Democratic Republic of the Congo,1998,East,Fans,7,2,86,1991,1,4
Glen Rice,SF,228,Charlotte Hornets,United States,1998,East,Coaches,6,8,80,1989,1,4
Steve Smith,SG,200,Atlanta Hawks,United States,1998,East,Coaches,6,7,79,1991,1,5
Rik Smits,C,250,Indiana Pacers,Netherlands,1998,East,Coaches,7,4,88,1988,1,2
Antoine Walker,F,265,Boston Celtics,United States,1998,East,Coaches,6,9,81,1996,1,6
Jayson Williams,FC,245,New Jersey Nets,United States,1998,East,Coaches,6,10,82,1990,1,21
Vin Baker,PF,240,Seattle SuperSonics,United States,1998,West,Coaches,6,11,83,1993,1,8
Kobe Bryant,SG,212,Los Angeles Lakers,United States,1998,West,Fans,6,6,78,1996,1,13
Tim Duncan,FC,250,San Antonio Spurs,United States,1998,West,Coaches,6,11,83,1997,1,1
Kevin Garnett,PF,240,Minnesota Timberwolves,United States,1998,West,Fans,6,11,83,1995,1,5
Eddie Jones,G-F,200,Los Angeles Lakers,United States,1998,West,Coaches,6,6,78,1994,1,10
Jason Kidd,PG,210,Phoenix Suns,United States,1998,West,Coaches,6,4,76,1994,1,2
Karl Malone,PF,265,Utah Jazz,United States,1998,West,Fans,6,9,81,1985,1,13
Shaquille O'Neal,C,325,Los Angeles Lakers,United States,1998,West,Fans,7,1,85,1992,1,1
Gary Payton,G,180,Seattle SuperSonics,United States,1998,West,Fans,6,4,76,1990,1,2
Mitch Richmond,SG,215,Sacramento Kings,United States,1998,West,Coaches,6,5,77,1988,1,5
David Robinson,C,250,San Antonio Spurs,United States,1998,West,Coaches,7,1,85,1987,1,1
Nick Van Exel,PG,170,Los Angeles Lakers,United States,1998,West,Coaches,6,1,73,1993,2,10
Kobe Bryant,SG,212,Los Angeles Lakers,United States,2000,West,Fans,6,6,78,1996,1,13
Tim Duncan,FC,250,San Antonio Spurs,United States,2000,West,Fans,6,11,83,1997,1,1
Michael Finley,G-F,225,Dallas Mavericks,United States,2000,West,Coaches,6,7,79,1995,1,21
Kevin Garnett,PF,240,Minnesota Timberwolves,United States,2000,West,Fans,6,11,83,1995,1,5
Jason Kidd,PG,210,Phoenix Suns,United States,2000,West,Fans,6,4,76,1994,1,2
Karl Malone,PF,265,Utah Jazz,United States,2000,West,Coaches,6,9,81,1985,1,13
Shaquille O'Neal,C,325,Los Angeles Lakers,United States,2000,West,Fans,7,1,85,1992,1,1
Gary Payton,G,180,Seattle SuperSonics,United States,2000,West,Coaches,6,4,76,1990,1,2
David Robinson,C,250,San Antonio Spurs,United States,2000,West,Coaches,7,1,85,1987,1,1
John Stockton,PG,170,Utah Jazz,United States,2000,West,Coaches,6,1,73,1984,1,16
Rasheed Wallace,FC,230,Portland Trail Blazers,United States,2000,West,Coaches,6,11,83,1995,1,4
Chris Webber,F-C,245,Sacramento Kings,United States,2000,West,Coaches,6,9,81,1993,1,1
Ray Allen,SG,205,Milwaukee Bucks,United States,2000,East,Coaches,6,5,77,1996,1,5
Vince Carter,SF,220,Toronto Raptors,United States,2000,East,Fans,6,6,78,1998,1,5
Dale Davis,C-F,252,Indiana Pacers,United States,2000,East,Coaches,6,11,83,1991,1,13
Grant Hill,SF,225,Detroit Pistons,United States,2000,East,Fans,6,8,80,1994,1,3
Allan Houston,G,205,New York Knicks,United States,2000,East,Coaches,6,6,78,1993,1,11
Allen Iverson,G,165,Philadelphia Sixers,United States,2000,East,Fans,6,0,72,1996,1,1
Eddie Jones,G-F,200,Charlotte Hornets,United States,2000,East,Fans,6,6,78,1994,1,10
Reggie Miller,SG,185,Indiana Pacers,United States,2000,East,Coaches,6,7,79,1987,1,11
Alonzo Mourning,C,240,Miami Heat,United States,2000,East,Fans,6,10,82,1992,1,2
Dikembe Mutombo,C,260,Atlanta Hawks,Democratic Republic of the Congo,2000,East,Coaches,7,2,86,1991,1,4
Glenn Robinson,SF,225,Milwaukee Bucks,United States,2000,East,Coaches,6,7,79,1994,1,1
Jerry Stackhouse,SF,218,Detroit Pistons,United States,2000,East,Coaches,6,6,78,1995,1,3
Ray Allen,SG,205,Milwaukee Bucks,United States,2001,East,Coaches,6,5,77,1996,1,5
Vince Carter,SF,220,Toronto Raptors,United States,2001,East,Fans,6,6,78,1998,1,5
Antonio Davis,FC,245,Toronto Raptors,United States,2001,East,Replacement,6,9,81,1990,2,18
Grant Hill,SF,225,Orlando Magic,United States,2001,East,Fans,6,8,80,1994,1,3
Allan Houston,G,205,New York Knicks,United States,2001,East,Coaches,6,6,78,1993,1,11
Allen Iverson,G,165,Philadelphia Sixers,United States,2001,East,Fans,6,0,72,1996,1,1
Stephon Marbury,G,180,New Jersey Nets,United States,2001,East,Coaches,6,2,74,1996,1,4
Anthony Mason,PF,250,Miami Heat,United States,2001,East,Coaches,6,7,79,1988,3,3
Tracy McGrady,GF,210,Orlando Magic,United States,2001,East,Fans,6,8,80,1997,1,9
Alonzo Mourning,C,240,Miami Heat,United States,2001,East,Fans,6,10,82,1992,1,2
Dikembe Mutombo,C,260,Atlanta Hawks,Democratic Republic of the Congo,2001,East,Replacement,7,2,86,1991,1,4
Theo Ratliff,C,235,Philadelphia Sixers,United States,2001,East,Coaches,6,10,82,1995,1,18
Glenn Robinson,SF,225,Milwaukee Bucks,United States,2001,East,Coaches,6,7,79,1994,1,1
Latrell Sprewell,SG,190,New York Knicks,United States,2001,East,Replacement,6,5,77,1992,1,24
Jerry Stackhouse,SF,218,Detroit Pistons,United States,2001,East,Coaches,6,6,78,1995,1,3
Kobe Bryant,SG,212,Los Angeles Lakers,United States,2001,West,Fans,6,6,78,1996,1,13
Vlade Divac,C,260,Sacramento Kings,Serbia,2001,West,Replacement,7,1,85,1989,1,26
Tim Duncan,FC,250,San Antonio Spurs,United States,2001,West,Fans,6,11,83,1997,1,1
Michael Finley,G-F,225,Dallas Mavericks,United States,2001,West,Coaches,6,7,79,1995,1,21
Kevin Garnett,PF,240,Minnesota Timberwolves,United States,2001,West,Coaches,6,11,83,1995,1,5
Jason Kidd,PG,210,Phoenix Suns,United States,2001,West,Fans,6,4,76,1994,1,2
Karl Malone,PF,265,Utah Jazz,United States,2001,West,Coaches,6,9,81,1985,1,13
Antonio McDyess,F,245,Denver Nuggets,United States,2001,West,Coaches,6,9,81,1995,1,2
Shaquille O'Neal,C,325,Los Angeles Lakers,United States,2001,West,Fans,7,1,85,1992,1,1
Gary Payton,G,180,Seattle SuperSonics,United States,2001,West,Coaches,6,4,76,1990,1,2
David Robinson,C,250,San Antonio Spurs,United States,2001,West,Coaches,7,1,85,1987,1,1
Rasheed Wallace,FC,230,Portland Trail Blazers,United States,2001,West,Coaches,6,11,83,1995,1,4
Chris Webber,F-C,245,Sacramento Kings,United States,2001,West,Fans,6,9,81,1993,1,1
Shareef Abdur-Rahim,F,225,Atlanta Hawks,United States,2002,East,Coaches,6,9,81,1996,1,3
Ray Allen,SG,205,Milwaukee Bucks,United States,2002,East,Coaches,6,5,77,1996,1,5
Vince Carter,SF,220,Toronto Raptors,United States,2002,East,Fans,6,6,78,1998,1,5
Baron Davis,G,215,Charlotte Hornets,United States,2002,East,Replacement,6,3,75,1999,1,3
Allen Iverson,G,165,Philadelphia Sixers,United States,2002,East,Fans,6,0,72,1996,1,1
Michael Jordan,SG,215,Washington Wizards,United States,2002,East,Fans,6,6,78,1984,1,3
Jason Kidd,PG,210,New Jersey Nets,United States,2002,East,Coaches,6,4,76,1994,1,2
Tracy McGrady,GF,210,Orlando Magic,United States,2002,East,Coaches,6,8,80,1997,1,9
Alonzo Mourning,C,240,Miami Heat,United States,2002,East,Coaches,6,10,82,1992,1,2
Dikembe Mutombo,C,260,Philadelphia Sixers,Democratic Republic of the Congo,2002,East,Fans,7,2,86,1991,1,4
Jermaine O'Neal,FC,235,Indiana Pacers,United States,2002,East,Coaches,6,11,83,1996,1,17
Paul Pierce,SF,235,Boston Celtics,United States,2002,East,Coaches,6,7,79,1998,1,10
Antoine Walker,F,265,Boston Celtics,United States,2002,East,Fans,6,9,81,1996,1,6
Elton Brand,PF,254,Los Angeles Clippers,United States,2002,West,Replacement,6,9,81,1999,1,1
Kobe Bryant,SG,212,Los Angeles Lakers,United States,2002,West,Fans,6,6,78,1996,1,13
Tim Duncan,FC,250,San Antonio Spurs,United States,2002,West,Fans,6,11,83,1997,1,1
Steve Francis,G,195,Houston Rockets,United States,2002,West,Fans,6,3,75,1999,1,2
Kevin Garnett,PF,240,Minnesota Timberwolves,United States,2002,West,Fans,6,11,83,1995,1,5
Karl Malone,PF,265,Utah Jazz,United States,2002,West,Coaches,6,9,81,1985,1,13
Steve Nash,G,178,Dallas Mavericks,Canada South Africa,2002,West,Coaches,6,3,75,1996,1,15
Dirk Nowitzki,PF,245,Dallas Mavericks,Germany,2002,West,Coaches,7,0,84,1998,1,9
Shaquille O'Neal,C,325,Los Angeles Lakers,United States,2002,West,Fans,7,1,85,1992,1,1
Gary Payton,G,180,Seattle SuperSonics,United States,2002,West,Coaches,6,4,76,1990,1,2
Peja Stojakovic,F,229,Sacramento Kings,Serbia Greece,2002,West,Coaches,6,10,82,1996,1,14
Wally Szczerbiak,F,240,Minnesota Timberwolves,United States Spain,2002,West,Coaches,6,7,79,1999,1,6
Chris Webber,F-C,245,Sacramento Kings,United States,2002,West,Coaches,6,9,81,1993,1,1
Vince Carter,SF,220,Toronto Raptors,United States,2003,East,Coaches,6,6,78,1998,1,5
Zydrunas Ilgauskas,C,260,Cleveland Cavaliers,Lithuania,2003,East,Coaches,7,3,87,1996,1,20
Allen Iverson,G,165,Philadelphia Sixers,United States,2003,East,Fans,6,0,72,1996,1,1
Michael Jordan,SG,215,Washington Wizards,United States,2003,East,Fans,6,6,78,1984,1,3
Jason Kidd,PG,210,New Jersey Nets,United States,2003,East,Coaches,6,4,76,1994,1,2
Jamal Mashburn,SF,247,New Orleans Hornets,United States,2003,East,Coaches,6,8,80,1993,1,4
Tracy McGrady,GF,210,Orlando Magic,United States,2003,East,Fans,6,8,80,1997,1,9
Brad Miller,C,261,Indiana Pacers,United States,2003,East,Coaches,7,0,84,-,-,-
Jermaine O'Neal,FC,235,Indiana Pacers,United States,2003,East,Fans,6,11,83,1996,1,17
Paul Pierce,SF,235,Boston Celtics,United States,2003,East,Coaches,6,7,79,1998,1,10
Antoine Walker,F,265,Boston Celtics,United States,2003,East,Coaches,6,9,81,1996,1,6
Ben Wallace,FC,240,Detroit Pistons,United States,2003,East,Fans,6,9,81,-,-,-
Kobe Bryant,SG,212,Los Angeles Lakers,United States,2003,West,Fans,6,6,78,1996,1,13
Tim Duncan,FC,250,San Antonio Spurs,United States,2003,West,Fans,6,11,83,1997,1,1
Steve Francis,G,195,Houston Rockets,United States,2003,West,Fans,6,3,75,1999,1,2
Kevin Garnett,PF,240,Minnesota Timberwolves,United States,2003,West,Fans,6,11,83,1995,1,5
Stephon Marbury,G,180,Phoenix Suns,United States,2003,West,Coaches,6,2,74,1996,1,4
Shawn Marion,F,228,Phoenix Suns,United States,2003,West,Coaches,6,7,79,1999,1,9
Yao Ming,C,310,Houston Rockets,China,2003,West,Fans,7,6,90,2002,1,1
Steve Nash,G,178,Dallas Mavericks,Canada South Africa,2003,West,Coaches,6,3,75,1996,1,15
Dirk Nowitzki,PF,245,Dallas Mavericks,Germany,2003,West,Coaches,7,0,84,1998,1,9
Shaquille O'Neal,C,325,Los Angeles Lakers,United States,2003,West,Coaches,7,1,85,1992,1,1
Gary Payton,G,180,Seattle SuperSonics,United States,2003,West,Coaches,6,4,76,1990,1,2
Peja Stojakovic,F,229,Sacramento Kings,Serbia Greece,2003,West,Replacement,6,10,82,1996,1,14
Chris Webber,F-C,245,Sacramento Kings,United States,2003,West,Coaches,6,9,81,1993,1,1
Ray Allen,SG,205,Seattle SuperSonics,United States,2004,West,Coaches,6,5,77,1996,1,5
Kobe Bryant,SG,212,Los Angeles Lakers,United States,2004,West,Fans,6,6,78,1996,1,13
Sam Cassell,G,185,Minnesota Timberwolves,United States,2004,West,Coaches,6,3,75,1993,1,24
Tim Duncan,FC,250,San Antonio Spurs,United States,2004,West,Fans,6,11,83,1997,1,1
Steve Francis,G,195,Houston Rockets,United States,2004,West,Fans,6,3,75,1999,1,2
Kevin Garnett,PF,240,Minnesota Timberwolves,United States,2004,West,Fans,6,11,83,1995,1,5
Andrei Kirilenko,PF,235,Utah Jazz,Russia,2004,West,Coaches,6,9,81,1999,1,24
Brad Miller,C,261,Sacramento Kings,United States,2004,West,Coaches,7,0,84,-,-,-
Yao Ming,C,310,Houston Rockets,China,2004,West,Fans,7,6,90,2002,1,1
Dirk Nowitzki,PF,245,Dallas Mavericks,Germany,2004,West,Coaches,7,0,84,1998,1,9
Shaquille O'Neal,C,325,Los Angeles Lakers,United States,2004,West,Coaches,7,1,85,1992,1,1
Peja Stojakovic,F,229,Sacramento Kings,Serbia Greece,2004,West,Coaches,6,10,82,1996,1,14
Vince Carter,SF,220,Toronto Raptors,United States,2004,East,Fans,6,6,78,1998,1,5
Baron Davis,G,215,New Orleans Hornets,United States,2004,East,Coaches,6,3,75,1999,1,3
Allen Iverson,G,165,Philadelphia Sixers,United States,2004,East,Fans,6,0,72,1996,1,1
Jason Kidd,PG,210,New Jersey Nets,United States,2004,East,Coaches,6,4,76,1994,1,2
Jamaal Magloire,C,259,New Orleans Hornets,Canada,2004,East,Coaches,6,11,83,2000,1,19
Kenyon Martin,F,240,New Jersey Nets,United States,2004,East,Coaches,6,9,81,2000,1,1
Tracy McGrady,GF,210,Orlando Magic,United States,2004,East,Fans,6,8,80,1997,1,9
Jermaine O'Neal,FC,235,Indiana Pacers,United States,2004,East,Fans,6,11,83,1996,1,17
Paul Pierce,SF,235,Boston Celtics,United States,2004,East,Coaches,6,7,79,1998,1,10
Michael Redd,G,220,Milwaukee Bucks,United States,2004,East,Coaches,6,6,78,2000,2,14
Ben Wallace,FC,240,Detroit Pistons,United States,2004,East,Fans,6,9,81,-,-,-
Metta World Peace,SF,260,Indiana Pacers,United States,2004,East,Coaches,6,7,79,1999,1,16
Ray Allen,SG,205,Seattle SuperSonics,United States,2005,West,Coaches,6,5,77,1996,1,5
Kobe Bryant,SG,212,Los Angeles Lakers,United States,2005,West,Fans,6,6,78,1996,1,13
Tim Duncan,FC,250,San Antonio Spurs,United States,2005,West,Fans,6,11,83,1997,1,1
Kevin Garnett,PF,240,Minnesota Timberwolves,United States,2005,West,Fans,6,11,83,1995,1,5
Manu Ginobili,SG,205,San Antonio Spurs,Argentina,2005,West,Coaches,6,6,78,1999,2,28
Rashard Lewis,F,235,Seattle SuperSonics,United States,2005,West,Coaches,6,10,82,1998,2,3
Shawn Marion,F,228,Phoenix Suns,United States,2005,West,Coaches,6,7,79,1999,1,9
Tracy McGrady,GF,210,Houston Rockets,United States,2005,West,Fans,6,8,80,1997,1,9
Yao Ming,C,310,Houston Rockets,China,2005,West,Fans,7,6,90,2002,1,1
Steve Nash,G,178,Phoenix Suns,Canada South Africa,2005,West,Coaches,6,3,75,1996,1,15
Dirk Nowitzki,PF,245,Dallas Mavericks,Germany,2005,West,Coaches,7,0,84,1998,1,9
Amar'e Stoudemire,FC,245,Phoenix Suns,United States,2005,West,Coaches,6,10,82,2002,1,9
Gilbert Arenas,G,191,Washington Wizards,United States,2005,East,Coaches,6,3,75,2001,2,2
Vince Carter,SF,220,New Jersey Nets,United States,2005,East,Fans,6,6,78,1998,1,5
Grant Hill,SF,225,Orlando Magic,United States,2005,East,Fans,6,8,80,1994,1,3
Zydrunas Ilgauskas,C,260,Cleveland Cavaliers,Lithuania,2005,East,Coaches,7,3,87,1996,1,20
Allen Iverson,G,165,Philadelphia Sixers,United States,2005,East,Fans,6,0,72,1996,1,1
LeBron James,F,250,Cleveland Cavaliers,United States,2005,East,Fans,6,9,81,2003,1,1
Antawn Jamison,F,235,Washington Wizards,United States,2005,East,Coaches,6,9,81,1998,1,4
Jermaine O'Neal,FC,235,Indiana Pacers,United States,2005,East,Coaches,6,11,83,1996,1,17
Shaquille O'Neal,C,325,Miami Heat,United States,2005,East,Fans,7,1,85,1992,1,1
Paul Pierce,SF,235,Boston Celtics,United States,2005,East,Coaches,6,7,79,1998,1,10
Dwyane Wade,SG,220,Miami Heat,United States,2005,East,Coaches,6,4,76,2003,1,5
Ben Wallace,FC,240,Detroit Pistons,United States,2005,East,Coaches,6,9,81,-,-,-
Ray Allen,SG,205,Seattle SuperSonics,United States,2006,West,Coaches,6,5,77,1996,1,5
Elton Brand,PF,254,Los Angeles Clippers,United States,2006,West,Coaches,6,9,81,1999,1,1
Kobe Bryant,SG,212,Los Angeles Lakers,United States,2006,West,Fans,6,6,78,1996,1,13
Tim Duncan,FC,250,San Antonio Spurs,United States,2006,West,Fans,6,11,83,1997,1,1
Kevin Garnett,PF,240,Minnesota Timberwolves,United States,2006,West,Coaches,6,11,83,1995,1,5
Pau Gasol,FC,250,Memphis Grizzlies,Spain,2006,West,Coaches,7,0,84,2001,1,3
Shawn Marion,F,228,Phoenix Suns,United States,2006,West,Coaches,6,7,79,1999,1,9
Tracy McGrady,GF,210,Houston Rockets,United States,2006,West,Fans,6,8,80,1997,1,9
Yao Ming,C,310,Houston Rockets,China,2006,West,Fans,7,6,90,2002,1,1
Steve Nash,G,178,Phoenix Suns,Canada South Africa,2006,West,Fans,6,3,75,1996,1,15
Dirk Nowitzki,PF,245,Dallas Mavericks,Germany,2006,West,Coaches,7,0,84,1998,1,9
Tony Parker,G,185,San Antonio Spurs,France,2006,West,Coaches,6,2,74,2001,1,28
Gilbert Arenas,G,191,Washington Wizards,United States,2006,East,Replacement,6,3,75,2001,2,2
Chauncey Billups,G,210,Detroit Pistons,United States,2006,East,Coaches,6,3,75,1997,1,3
Chris Bosh,PF,235,Toronto Raptors,United States,2006,East,Coaches,6,11,83,2003,1,4
Vince Carter,SF,220,New Jersey Nets,United States,2006,East,Coaches,6,6,78,1998,1,5
Richard Hamilton,SG,193,Detroit Pistons,United States,2006,East,Coaches,6,7,79,1999,1,7
Allen Iverson,G,165,Philadelphia Sixers,United States,2006,East,Fans,6,0,72,1996,1,1
LeBron James,F,250,Cleveland Cavaliers,United States,2006,East,Fans,6,9,81,2003,1,1
Jermaine O'Neal,FC,235,Indiana Pacers,United States,2006,East,Fans,6,11,83,1996,1,17
Shaquille O'Neal,C,325,Miami Heat,United States,2006,East,Fans,7,1,85,1992,1,1
Paul Pierce,SF,235,Boston Celtics,United States,2006,East,Coaches,6,7,79,1998,1,10
Dwyane Wade,SG,220,Miami Heat,United States,2006,East,Fans,6,4,76,2003,1,5
Ben Wallace,FC,240,Detroit Pistons,United States,2006,East,Coaches,6,9,81,-,-,-
Rasheed Wallace,FC,230,Detroit Pistons,United States,2006,East,Coaches,6,11,83,1995,1,4
Ray Allen,SG,205,Seattle SuperSonics,United States,2007,West,Replacement,6,5,77,1996,1,5
Carmelo Anthony,F,240,Denver Nuggets,United States,2007,West,Replacement,6,8,80,2003,1,3
Carlos Boozer,PF,266,Utah Jazz,Germany United States,2007,West,Coaches,6,9,81,2002,2,6
Kobe Bryant,SG,212,Los Angeles Lakers,United States,2007,West,Fans,6,6,78,1996,1,13
Tim Duncan,FC,250,San Antonio Spurs,United States,2007,West,Fans,6,11,83,1997,1,1
Kevin Garnett,PF,240,Minnesota Timberwolves,United States,2007,West,Fans,6,11,83,1995,1,5
Josh Howard,GF,210,Dallas Mavericks,United States,2007,West,Replacement,6,7,79,2003,1,29
Allen Iverson,G,165,Denver Nuggets,United States,2007,West,Coaches,6,0,72,1996,1,1
Shawn Marion,F,228,Phoenix Suns,United States,2007,West,Coaches,6,7,79,1999,1,9
Tracy McGrady,GF,210,Houston Rockets,United States,2007,West,Fans,6,8,80,1997,1,9
Yao Ming,C,310,Houston Rockets,China,2007,West,Fans,7,6,90,2002,1,1
Steve Nash,G,178,Phoenix Suns,Canada South Africa,2007,West,Coaches,6,3,75,1996,1,15
Dirk Nowitzki,PF,245,Dallas Mavericks,Germany,2007,West,Coaches,7,0,84,1998,1,9
Mehmet Okur,FC,249,Utah Jazz,Turkey,2007,West,Replacement,6,11,83,2001,2,9
Tony Parker,G,185,San Antonio Spurs,France,2007,West,Coaches,6,2,74,2001,1,28
Amar'e Stoudemire,FC,245,Phoenix Suns,United States,2007,West,Coaches,6,10,82,2002,1,9
Gilbert Arenas,G,191,Washington Wizards,United States,2007,East,Fans,6,3,75,2001,2,2
Chauncey Billups,G,210,Detroit Pistons,United States,2007,East,Coaches,6,3,75,1997,1,3
Chris Bosh,PF,235,Toronto Raptors,United States,2007,East,Fans,6,11,83,2003,1,4
Caron Butler,SF,228,Washington Wizards,United States,2007,East,Coaches,6,7,79,2002,1,10
Vince Carter,SF,220,New Jersey Nets,United States,2007,East,Coaches,6,6,78,1998,1,5
Richard Hamilton,SG,193,Detroit Pistons,United States,2007,East,Coaches,6,7,79,1999,1,7
Dwight Howard,C,265,Orlando Magic,United States,2007,East,Coaches,6,11,83,2004,1,1
LeBron James,F,250,Cleveland Cavaliers,United States,2007,East,Fans,6,9,81,2003,1,1
Joe Johnson,SG,240,Atlanta Hawks,United States,2007,East,Replacement,6,7,79,2001,1,10
Jason Kidd,PG,210,New Jersey Nets,United States,2007,East,Coaches,6,4,76,1994,1,2
Jermaine O'Neal,FC,235,Indiana Pacers,United States,2007,East,Coaches,6,11,83,1996,1,17
Shaquille O'Neal,C,325,Miami Heat,United States,2007,East,Fans,7,1,85,1992,1,1
Dwyane Wade,SG,220,Miami Heat,United States,2007,East,Fans,6,4,76,2003,1,5
Carmelo Anthony,F,240,Denver Nuggets,United States,2008,West,Fans,6,8,80,2003,1,3
Carlos Boozer,PF,266,Utah Jazz,Germany United States,2008,West,Coaches,6,9,81,2002,2,6
Kobe Bryant,SG,212,Los Angeles Lakers,United States,2008,West,Fans,6,6,78,1996,1,13
Tim Duncan,FC,250,San Antonio Spurs,United States,2008,West,Fans,6,11,83,1997,1,1
Allen Iverson,G,165,Denver Nuggets,United States,2008,West,Fans,6,0,72,1996,1,1
Yao Ming,C,310,Houston Rockets,China,2008,West,Fans,7,6,90,2002,1,1
Steve Nash,G,178,Phoenix Suns,Canada South Africa,2008,West,Coaches,6,3,75,1996,1,15
Dirk Nowitzki,PF,245,Dallas Mavericks,Germany,2008,West,Coaches,7,0,84,1998,1,9
Chris Paul,PG,175,New Orleans Hornets,United States,2008,West,Coaches,6,0,72,2005,1,4
Brandon Roy,G,211,Portland Trail Blazers,United States,2008,West,Coaches,6,6,78,2006,1,6
Amar'e Stoudemire,FC,245,Phoenix Suns,United States,2008,West,Coaches,6,10,82,2002,1,9
David West,PF,250,New Orleans Hornets,United States,2008,West,Coaches,6,9,81,2003,1,18
Ray Allen,SG,205,Boston Celtics,United States,2008,East,Replacement,6,5,77,1996,1,5
Chauncey Billups,G,210,Detroit Pistons,United States,2008,East,Coaches,6,3,75,1997,1,3
Chris Bosh,PF,235,Toronto Raptors,United States,2008,East,Coaches,6,11,83,2003,1,4
Caron Butler,SF,228,Washington Wizards,United States,2008,East,Coaches,6,7,79,2002,1,10
Kevin Garnett,PF,240,Boston Celtics,United States,2008,East,Fans,6,11,83,1995,1,5
Richard Hamilton,SG,193,Detroit Pistons,United States,2008,East,Coaches,6,7,79,1999,1,7
Dwight Howard,C,265,Orlando Magic,United States,2008,East,Fans,6,11,83,2004,1,1
LeBron James,F,250,Cleveland Cavaliers,United States,2008,East,Fans,6,9,81,2003,1,1
Antawn Jamison,F,235,Washington Wizards,United States,2008,East,Coaches,6,9,81,1998,1,4
Joe Johnson,SG,240,Atlanta Hawks,United States,2008,East,Coaches,6,7,79,2001,1,10
Jason Kidd,PG,210,New Jersey Nets,United States,2008,East,Fans,6,4,76,1994,1,2
Paul Pierce,SF,235,Boston Celtics,United States,2008,East,Coaches,6,7,79,1998,1,10
Dwyane Wade,SG,220,Miami Heat,United States,2008,East,Fans,6,4,76,2003,1,5
Rasheed Wallace,FC,230,Detroit Pistons,United States,2008,East,Replacement,6,11,83,1995,1,4
Chauncey Billups,G,210,Denver Nuggets,United States,2009,West,Coaches,6,3,75,1997,1,3
Kobe Bryant,SG,212,Los Angeles Lakers,United States,2009,West,Fans,6,6,78,1996,1,13
Tim Duncan,FC,250,San Antonio Spurs,United States,2009,West,Fans,6,11,83,1997,1,1
Pau Gasol,FC,250,Los Angeles Lakers,Spain,2009,West,Coaches,7,0,84,2001,1,3
Yao Ming,C,310,Houston Rockets,China,2009,West,Fans,7,6,90,2002,1,1
Dirk Nowitzki,PF,245,Dallas Mavericks,Germany,2009,West,Coaches,7,0,84,1998,1,9
Shaquille O'Neal,C,325,Phoenix Suns,United States,2009,West,Coaches,7,1,85,1992,1,1
Tony Parker,G,185,San Antonio Spurs,France,2009,West,Coaches,6,2,74,2001,1,28
Chris Paul,PG,175,New Orleans Hornets,United States,2009,West,Fans,6,0,72,2005,1,4
Brandon Roy,G,211,Portland Trail Blazers,United States,2009,West,Coaches,6,6,78,2006,1,6
Amar'e Stoudemire,FC,245,Phoenix Suns,United States,2009,West,Fans,6,10,82,2002,1,9
David West,PF,250,New Orleans Hornets,United States,2009,West,Coaches,6,9,81,2003,1,18
Ray Allen,SG,205,Boston Celtics,United States,2009,East,Replacement,6,5,77,1996,1,5
Chris Bosh,PF,235,Toronto Raptors,United States,2009,East,Coaches,6,11,83,2003,1,4
Kevin Garnett,PF,240,Boston Celtics,United States,2009,East,Fans,6,11,83,1995,1,5
Danny Granger,GF,222,Indiana Pacers,United States,2009,East,Coaches,6,9,81,2005,1,17
Devin Harris,G,185,New Jersey Nets,United States,2009,East,Coaches,6,3,75,2004,1,5
Dwight Howard,C,265,Orlando Magic,United States,2009,East,Fans,6,11,83,2004,1,1
Allen Iverson,G,165,Detroit Pistons,United States,2009,East,Fans,6,0,72,1996,1,1
LeBron James,F,250,Cleveland Cavaliers,United States,2009,East,Fans,6,9,81,2003,1,1
Joe Johnson,SG,240,Atlanta Hawks,United States,2009,East,Coaches,6,7,79,2001,1,10
Rashard Lewis,F,235,Orlando Magic,United States,2009,East,Coaches,6,10,82,1998,2,3
Jameer Nelson,G,190,Orlando Magic,United States,2009,East,Coaches,6,0,72,2004,1,20
Paul Pierce,SF,235,Boston Celtics,United States,2009,East,Coaches,6,7,79,1998,1,10
Dwyane Wade,SG,220,Miami Heat,United States,2009,East,Fans,6,4,76,2003,1,5
Mo Williams,G,198,Cleveland Cavaliers,United States,2009,East,Replacement,6,1,73,2003,2,18
Carmelo Anthony,F,240,Denver Nuggets,United States,2010,West,Fans,6,8,80,2003,1,3
Chauncey Billups,G,210,Denver Nuggets,United States,2010,West,Replacement,6,3,75,1997,1,3
Kobe Bryant,SG,212,Los Angeles Lakers,United States,2010,West,Fans,6,6,78,1996,1,13
Tim Duncan,FC,250,San Antonio Spurs,United States,2010,West,Fans,6,11,83,1997,1,1
Kevin Durant,SF,240,Oklahoma City Thunder,United States,2010,West,Coaches,6,10,82,2007,1,2
Pau Gasol,FC,250,Los Angeles Lakers,Spain,2010,West,Coaches,7,0,84,2001,1,3
Chris Kaman,C,265,Los Angeles Clippers,United States Germany,2010,West,Replacement,7,0,84,2003,1,6
Jason Kidd,PG,210,Dallas Mavericks,United States,2010,West,Replacement,6,4,76,1994,1,2
Steve Nash,G,178,Phoenix Suns,Canada South Africa,2010,West,Fans,6,3,75,1996,1,15
Dirk Nowitzki,PF,245,Dallas Mavericks,Germany,2010,West,Coaches,7,0,84,1998,1,9
Chris Paul,PG,175,New Orleans Hornets,United States,2010,West,Coaches,6,0,72,2005,1,4
Zach Randolph,PF,260,Memphis Grizzlies,United States,2010,West,Coaches,6,9,81,2001,1,19
Brandon Roy,G,211,Portland Trail Blazers,United States,2010,West,Coaches,6,6,78,2006,1,6
Amar'e Stoudemire,FC,245,Phoenix Suns,United States,2010,West,Fans,6,10,82,2002,1,9
Deron Williams,PG,200,Utah Jazz,United States,2010,West,Coaches,6,3,75,2005,1,3
Chris Bosh,PF,235,Toronto Raptors,United States,2010,East,Coaches,6,11,83,2003,1,4
Kevin Garnett,PF,240,Boston Celtics,United States,2010,East,Fans,6,11,83,1995,1,5
Al Horford,FC,240,Atlanta Hawks,Dominican Republic United States,2010,East,Coaches,6,9,81,2007,1,3
Dwight Howard,C,265,Orlando Magic,United States,2010,East,Fans,6,11,83,2004,1,1
Allen Iverson,G,165,Philadelphia Sixers,United States,2010,East,Fans,6,0,72,1996,1,1
LeBron James,F,250,Cleveland Cavaliers,United States,2010,East,Fans,6,9,81,2003,1,1
Joe Johnson,SG,240,Atlanta Hawks,United States,2010,East,Coaches,6,7,79,2001,1,10
David Lee,FC,245,New York Knicks,United States,2010,East,Replacement,6,9,81,2005,1,30
Paul Pierce,SF,235,Boston Celtics,United States,2010,East,Coaches,6,7,79,1998,1,10
Rajon Rondo,PG,180,Boston Celtics,United States,2010,East,Coaches,6,1,73,2006,1,21
Derrick Rose,PG,200,Chicago Bulls,United States,2010,East,Coaches,6,3,75,2008,1,1
Dwyane Wade,SG,220,Miami Heat,United States,2010,East,Fans,6,4,76,2003,1,5
Gerald Wallace,F,220,Charlotte Bobcats,United States,2010,East,Coaches,6,7,79,2001,1,25
