"Players","Tm","MP","FG","FGA","X3P","X3PA","FT","FTA","ORB","DRB","TRB","AST","STL","BLK","TOV","PF","PTS","FG.","X3P.","FT.","Player_Type","Region","Year"
"George Gervin","SAS","40:00",14,26,0,0,6,9,4,6,10,3,3,0,3,2,34,0.538,NA,0.667,"Starter","East",1980
"Eddie Johnson","ATL","32:00",11,16,0,0,0,0,1,0,1,7,6,0,2,2,22,0.688,NA,NA,"Starter","East",1980
"Moses Malone","HOU","31:00",7,12,0,0,6,12,6,6,12,2,1,2,5,4,20,0.583,NA,0.5,"Starter","East",1980
"Julius Erving","PHI","20:00",4,12,0,0,3,4,2,3,5,2,2,1,2,5,11,0.333,NA,0.75,"Starter","East",1980
"John Drew","ATL","15:00",0,4,0,0,4,5,1,2,3,0,2,0,3,5,4,0,NA,0.8,"Starter","East",1980
"Elvin Hayes","WSB","29:00",5,10,0,0,2,2,2,3,5,4,1,4,3,5,12,0.5,NA,1,"Reserve","East",1980
"Dan Roundfield","ATL","27:00",7,15,0,0,4,9,9,4,13,0,1,2,3,2,18,0.467,NA,0.444,"Reserve","East",1980
"Larry Bird","BOS","23:00",3,6,1,2,0,0,3,3,6,7,1,0,3,1,7,0.5,0.5,NA,"Reserve","East",1980
"Tiny Archibald","BOS","21:00",0,8,0,0,2,3,1,2,3,6,2,0,2,1,2,0,NA,0.667,"Reserve","East",1980
"Bill Cartwright","NYK","14:00",4,8,0,0,0,0,1,2,3,1,0,0,2,1,8,0.5,NA,NA,"Reserve","East",1980
"Micheal Ray Richardson","NYK","13:00",3,7,0,0,0,0,1,0,1,2,1,0,2,2,6,0.429,NA,NA,"Reserve","East",1980
"Marques Johnson","MIL","34:00",1,6,0,0,2,2,1,3,4,1,1,1,0,2,4,0.167,NA,1,"Starter","West",1980
"Adrian Dantley","UTA","30:00",8,15,0,0,7,8,4,1,5,2,2,0,2,1,23,0.533,NA,0.875,"Starter","West",1980
"Kareem Abdul-Jabbar","LAL","30:00",6,17,0,0,5,6,5,11,16,9,0,6,9,5,17,0.353,NA,0.833,"Starter","West",1980
"Magic Johnson","LAL","24:00",5,8,0,1,2,2,2,0,2,4,3,2,2,3,12,0.625,0,1,"Starter","West",1980
"World B. Free","SDC","21:00",7,13,0,0,0,1,1,2,3,5,0,1,5,1,14,0.538,NA,0,"Starter","West",1980
"Jack Sikma","SEA","28:00",4,10,0,1,0,0,2,6,8,4,2,3,1,5,8,0.4,0,NA,"Reserve","West",1980
"Paul Westphal","PHO","27:00",8,14,0,2,5,6,1,0,1,5,2,1,3,5,21,0.571,0,0.833,"Reserve","West",1980
"Walter Davis","PHO","23:00",5,10,0,0,2,2,2,2,4,2,4,0,3,2,12,0.5,NA,1,"Reserve","West",1980
"Dennis Johnson","SEA","20:00",7,13,0,0,5,6,2,2,4,1,2,1,2,3,19,0.538,NA,0.833,"Reserve","West",1980
"Kermit Washington","POR","14:00",1,6,0,0,2,4,4,4,8,1,0,1,1,4,4,0.167,NA,0.5,"Reserve","West",1980
"Otis Birdsong","KCK","14:00",1,2,0,0,0,0,0,0,0,0,1,0,1,1,2,0.5,NA,NA,"Reserve","West",1980
"Julius Erving","PHI","29:00",6,15,0,0,6,7,3,0,3,2,2,1,2,2,18,0.4,NA,0.857,"Starter","East",1981
"Eddie Johnson","ATL","28:00",7,12,0,0,2,3,1,1,2,2,1,0,3,1,16,0.583,NA,0.667,"Starter","East",1981
"Artis Gilmore","CHI","22:00",5,7,0,0,1,2,1,5,6,2,0,1,0,4,11,0.714,NA,0.5,"Starter","East",1981
"Reggie Theus","CHI","19:00",4,7,0,0,0,0,0,1,1,3,2,0,4,0,8,0.571,NA,NA,"Starter","East",1981
"Larry Bird","BOS","18:00",1,5,0,0,0,0,1,3,4,3,1,0,2,1,2,0.2,NA,NA,"Starter","East",1981
"Robert Parish","BOS","25:00",5,18,0,0,6,6,6,4,10,2,0,2,1,3,16,0.278,NA,1,"Reserve","East",1981
"Tiny Archibald","BOS","25:00",4,7,0,0,1,3,0,5,5,9,3,0,2,3,9,0.571,NA,0.333,"Reserve","East",1981
"Micheal Ray Richardson","NYK","24:00",5,7,0,1,1,2,2,3,5,3,4,0,2,3,11,0.714,0,0.5,"Reserve","East",1981
"Marques Johnson","MIL","19:00",1,2,0,0,5,6,1,3,4,2,0,0,0,2,7,0.5,NA,0.833,"Reserve","East",1981
"Bobby Jones","PHI","16:00",5,11,0,0,1,1,1,3,4,0,1,1,0,2,11,0.455,NA,1,"Reserve","East",1981
"Mike Mitchell","CLE","15:00",6,12,0,0,2,2,4,0,4,2,1,0,1,2,14,0.5,NA,1,"Reserve","East",1981
"Paul Westphal","SEA","25:00",8,12,0,0,3,3,2,2,4,3,0,1,4,3,19,0.667,NA,1,"Starter","West",1981
"George Gervin","SAS","24:00",5,9,0,0,1,2,1,2,3,0,2,1,2,3,11,0.556,NA,0.5,"Starter","West",1981
"Kareem Abdul-Jabbar","LAL","23:00",6,9,0,0,3,3,2,4,6,4,0,4,3,3,15,0.667,NA,1,"Starter","West",1981
"Walter Davis","PHO","22:00",5,9,0,0,2,2,1,6,7,1,0,0,1,2,12,0.556,NA,1,"Starter","West",1981
"Adrian Dantley","UTA","21:00",3,9,0,0,2,2,2,3,5,0,1,0,0,1,8,0.333,NA,1,"Starter","West",1981
"Jamaal Wilkes","LAL","25:00",6,12,0,0,3,3,2,6,8,3,2,0,2,3,15,0.5,NA,1,"Reserve","West",1981
"Dennis Johnson","PHO","24:00",5,8,0,0,9,10,1,1,2,1,3,0,2,1,19,0.625,NA,0.9,"Reserve","West",1981
"Moses Malone","HOU","22:00",3,8,0,0,2,4,2,4,6,3,1,0,1,3,8,0.375,NA,0.5,"Reserve","West",1981
"Truck Robinson","PHO","21:00",3,6,0,0,0,0,2,3,5,2,0,0,4,4,6,0.5,NA,NA,"Reserve","West",1981
"Jack Sikma","SEA","21:00",2,5,0,1,2,2,1,3,4,4,1,1,2,5,6,0.4,0,1,"Reserve","West",1981
"Otis Birdsong","KCK","12:00",0,3,0,0,1,2,1,0,1,1,0,0,1,0,1,0,NA,0.5,"Reserve","West",1981
"Julius Erving","PHI","32:00",7,16,0,0,2,4,3,5,8,2,1,2,4,4,16,0.438,NA,0.5,"Starter","East",1982
"Larry Bird","BOS","28:00",7,12,0,0,5,8,0,12,12,5,1,1,4,3,19,0.583,NA,0.625,"Starter","East",1982
"Tiny Archibald","BOS","23:00",2,5,0,0,2,2,1,1,2,7,1,0,2,3,6,0.4,NA,1,"Starter","East",1982
"Isiah Thomas","DET","17:00",5,7,0,0,2,4,1,0,1,4,3,0,1,1,12,0.714,NA,0.5,"Starter","East",1982
"Artis Gilmore","CHI","16:00",3,6,0,0,1,1,1,2,3,2,0,1,2,4,7,0.5,NA,1,"Starter","East",1982
"Sidney Moncrief","MIL","22:00",3,11,0,0,0,2,3,1,4,1,1,0,1,2,6,0.273,NA,0,"Reserve","East",1982
"Buck Williams","NJN","22:00",2,7,0,0,0,2,1,9,10,1,0,2,3,3,4,0.286,NA,0,"Reserve","East",1982
"Robert Parish","BOS","20:00",9,12,0,0,3,4,0,7,7,1,0,2,1,2,21,0.75,NA,0.75,"Reserve","East",1982
"Micheal Ray Richardson","NYK","20:00",5,10,0,0,0,0,0,2,2,4,2,0,1,1,10,0.5,NA,NA,"Reserve","East",1982
"Kelly Tripucka","DET","15:00",3,7,0,0,0,0,0,1,1,2,0,0,1,0,6,0.429,NA,NA,"Reserve","East",1982
"Bobby Jones","PHI","14:00",2,5,0,0,1,2,1,3,4,1,1,0,0,2,5,0.4,NA,0.5,"Reserve","East",1982
"Bob Lanier","MIL","11:00",3,7,0,0,2,2,2,1,3,0,0,1,1,3,8,0.429,NA,1,"Reserve","East",1982
"George Gervin","SAS","27:00",5,14,0,0,2,2,1,5,6,1,3,3,0,3,12,0.357,NA,1,"Starter","West",1982
"Gus Williams","SEA","26:00",9,19,0,1,4,4,2,0,2,9,1,0,2,1,22,0.474,0,1,"Starter","West",1982
"Kareem Abdul-Jabbar","LAL","22:00",1,10,0,0,0,0,1,2,3,1,0,2,1,3,2,0.1,NA,NA,"Starter","West",1982
"Adrian Dantley","UTA","21:00",6,8,0,0,0,1,1,1,2,0,0,0,1,2,12,0.75,NA,0,"Starter","West",1982
"Lonnie Shelton","SEA","20:00",3,3,0,0,1,2,4,5,9,1,1,0,2,4,7,1,NA,0.5,"Starter","West",1982
"Magic Johnson","LAL","23:00",5,9,0,0,6,7,3,1,4,7,0,0,1,5,16,0.556,NA,0.857,"Reserve","West",1982
"Jack Sikma","SEA","21:00",5,11,0,0,0,0,2,7,9,1,2,1,0,2,10,0.455,NA,NA,"Reserve","West",1982
"Moses Malone","HOU","20:00",5,11,0,0,2,6,5,6,11,0,1,1,3,2,12,0.455,NA,0.333,"Reserve","West",1982
"Norm Nixon","LAL","19:00",7,14,0,0,0,0,0,0,0,2,1,0,0,0,14,0.5,NA,NA,"Reserve","West",1982
"Dennis Johnson","PHO","15:00",0,2,0,0,1,2,2,3,5,1,0,2,3,1,1,0,NA,0.5,"Reserve","West",1982
"Bernard King","GSW","14:00",2,7,0,0,2,2,0,4,4,1,3,1,2,2,6,0.286,NA,1,"Reserve","West",1982
"Alex English","DEN","12:00",2,6,0,0,0,0,2,3,5,1,1,0,1,2,4,0.333,NA,NA,"Reserve","West",1982
"Isiah Thomas","DET","29:00",9,14,0,0,1,1,3,1,4,7,4,0,5,0,19,0.643,NA,1,"Starter","East",1983
"Larry Bird","BOS","29:00",7,14,0,1,0,0,3,10,13,7,2,0,5,4,14,0.5,0,NA,"Starter","East",1983
"Julius Erving","PHI","28:00",11,19,0,0,3,3,3,3,6,3,1,2,2,1,25,0.579,NA,1,"Starter","East",1983
"Moses Malone","PHI","24:00",3,8,0,0,4,6,2,6,8,3,0,1,1,1,10,0.375,NA,0.667,"Starter","East",1983
"Maurice Cheeks","PHI","18:00",3,8,0,0,0,0,0,1,1,1,0,0,0,0,6,0.375,NA,NA,"Starter","East",1983
"Sidney Moncrief","MIL","23:00",8,14,0,0,4,5,3,2,5,4,6,1,1,1,20,0.571,NA,0.8,"Reserve","East",1983
"Marques Johnson","MIL","20:00",3,10,0,0,1,2,2,0,2,2,0,1,0,1,7,0.3,NA,0.5,"Reserve","East",1983
"Buck Williams","NJN","19:00",3,4,0,0,2,4,3,4,7,1,1,0,0,0,8,0.75,NA,0.5,"Reserve","East",1983
"Robert Parish","BOS","18:00",5,6,0,0,3,4,0,3,3,0,1,1,1,2,13,0.833,NA,0.75,"Reserve","East",1983
"Andrew Toney","PHI","18:00",4,5,0,1,0,0,0,1,1,7,2,0,4,3,8,0.8,0,NA,"Reserve","East",1983
"Reggie Theus","CHI","8:00",0,5,0,0,0,0,1,0,1,1,0,0,2,1,0,0,NA,NA,"Reserve","East",1983
"Bill Laimbeer","DET","6:00",1,1,0,0,0,0,1,0,1,0,0,0,1,1,2,1,NA,NA,"Reserve","East",1983
"Magic Johnson","LAL","33:00",7,16,0,1,3,4,3,2,5,16,5,0,7,2,17,0.438,0,0.75,"Starter","West",1983
"Kareem Abdul-Jabbar","LAL","32:00",9,12,0,0,2,3,2,4,6,5,1,4,1,1,20,0.75,NA,0.667,"Starter","West",1983
"Maurice Lucas","PHO","27:00",3,8,0,0,0,1,1,6,7,1,0,0,1,1,6,0.375,NA,0,"Starter","West",1983
"Alex English","DEN","23:00",7,14,0,0,0,1,2,2,4,0,1,2,1,2,14,0.5,NA,0,"Starter","West",1983
"David Thompson","SEA","17:00",5,7,0,0,0,0,0,1,1,2,1,0,3,2,10,0.714,NA,NA,"Starter","West",1983
"Jim Paxson","POR","17:00",5,7,0,0,1,2,0,0,0,1,2,0,4,0,11,0.714,NA,0.5,"Reserve","West",1983
"Jack Sikma","SEA","17:00",4,6,0,0,0,0,1,2,3,1,1,1,1,2,8,0.667,NA,NA,"Reserve","West",1983
"Artis Gilmore","SAS","16:00",2,4,0,0,1,2,1,4,5,1,1,0,1,4,5,0.5,NA,0.5,"Reserve","West",1983
"Jamaal Wilkes","LAL","15:00",4,6,0,0,2,2,1,1,2,2,1,0,2,0,10,0.667,NA,1,"Reserve","West",1983
"Gus Williams","SEA","15:00",3,9,0,0,0,0,1,0,1,4,1,0,3,1,6,0.333,NA,NA,"Reserve","West",1983
"George Gervin","SAS","14:00",3,8,1,1,2,2,0,0,0,3,2,0,0,3,9,0.375,1,1,"Reserve","West",1983
"Kiki Vandeweghe","DEN","14:00",3,4,0,0,1,2,0,3,3,1,1,0,0,0,7,0.75,NA,0.5,"Reserve","West",1983
"Isiah Thomas","DET","39:00",9,17,0,2,3,3,2,3,5,15,4,0,6,4,21,0.529,0,1,"Starter","East",1984
"Julius Erving","PHI","36:00",14,22,0,0,6,8,4,4,8,5,2,2,1,4,34,0.636,NA,0.75,"Starter","East",1984
"Larry Bird","BOS","33:00",6,18,0,0,4,4,1,6,7,3,2,0,2,1,16,0.333,NA,1,"Starter","East",1984
"Robert Parish","BOS","28:00",5,11,0,0,2,4,4,11,15,2,3,0,4,1,12,0.455,NA,0.5,"Starter","East",1984
"Sidney Moncrief","MIL","26:00",3,6,0,0,2,2,1,4,5,2,5,0,4,3,8,0.5,NA,1,"Starter","East",1984
"Bernard King","NYK","22:00",8,13,0,0,2,5,2,1,3,4,0,0,0,2,18,0.615,NA,0.4,"Reserve","East",1984
"Andrew Toney","PHI","22:00",6,11,0,0,1,1,0,0,0,3,2,0,0,0,13,0.545,NA,1,"Reserve","East",1984
"Bill Laimbeer","DET","17:00",6,8,0,0,1,1,1,4,5,0,1,2,0,3,13,0.75,NA,1,"Reserve","East",1984
"Jeff Ruland","WSB","13:00",2,3,0,0,2,2,1,3,4,2,1,0,2,2,6,0.667,NA,1,"Reserve","East",1984
"Otis Birdsong","NJN","12:00",1,5,0,0,0,0,2,1,3,1,0,0,0,1,2,0.2,NA,NA,"Reserve","East",1984
"Kevin McHale","BOS","11:00",3,7,0,0,4,6,2,3,5,0,0,0,2,1,10,0.429,NA,0.667,"Reserve","East",1984
"Kelly Tripucka","DET","6:00",0,0,0,0,1,2,0,0,0,2,1,0,2,1,1,NA,NA,0.5,"Reserve","East",1984
"Kareem Abdul-Jabbar","LAL","37:00",11,19,0,0,3,4,5,8,13,2,0,1,4,5,25,0.579,NA,0.75,"Starter","West",1984
"Magic Johnson","LAL","37:00",6,13,1,3,2,2,4,5,9,22,3,2,4,3,15,0.462,0.333,1,"Starter","West",1984
"George Gervin","SAS","21:00",5,6,0,0,3,3,0,2,2,1,0,1,6,5,13,0.833,NA,1,"Starter","West",1984
"Alex English","DEN","19:00",6,8,0,0,1,1,0,0,0,2,1,1,3,2,13,0.75,NA,1,"Starter","West",1984
"Adrian Dantley","UTA","18:00",1,8,0,0,0,0,0,2,2,1,1,0,1,4,2,0.125,NA,NA,"Starter","West",1984
"Jack Sikma","SEA","30:00",5,12,0,0,5,6,5,7,12,1,3,0,2,4,15,0.417,NA,0.833,"Reserve","West",1984
"Kiki Vandeweghe","DEN","26:00",7,13,0,0,0,0,1,2,3,1,0,0,0,2,14,0.538,NA,NA,"Reserve","West",1984
"Rickey Green","UTA","19:00",3,8,0,0,0,0,0,0,0,11,1,0,4,1,6,0.375,NA,NA,"Reserve","West",1984
"Ralph Sampson","HOU","16:00",4,7,0,0,1,2,1,4,5,0,0,0,3,4,9,0.571,NA,0.5,"Reserve","West",1984
"Walter Davis","PHO","15:00",5,9,0,0,0,0,0,2,2,1,1,0,0,0,10,0.556,NA,NA,"Reserve","West",1984
"Jim Paxson","POR","14:00",5,9,0,0,0,0,1,2,3,2,0,0,0,0,10,0.556,NA,NA,"Reserve","West",1984
"Mark Aguirre","DAL","13:00",5,8,0,0,3,4,1,0,1,2,1,1,2,1,13,0.625,NA,0.75,"Reserve","West",1984
"Moses Malone","PHI","33:00",2,10,0,0,3,6,5,7,12,1,0,0,3,4,7,0.2,NA,0.5,"Starter","East",1985
"Larry Bird","BOS","31:00",8,16,0,1,5,6,5,3,8,2,0,1,4,3,21,0.5,0,0.833,"Starter","East",1985
"Isiah Thomas","DET","25:00",9,14,3,4,1,1,1,1,2,5,2,0,1,2,22,0.643,0.75,1,"Starter","East",1985
"Julius Erving","PHI","23:00",5,15,0,0,2,2,2,2,4,3,1,0,1,3,12,0.333,NA,1,"Starter","East",1985
"Michael Jordan","CHI","22:00",2,9,0,1,3,4,3,3,6,2,3,1,1,4,7,0.222,0,0.75,"Starter","East",1985
"Bernard King","NYK","22:00",6,10,0,0,1,2,4,3,7,1,0,0,1,5,13,0.6,NA,0.5,"Reserve","East",1985
"Sidney Moncrief","MIL","22:00",1,5,0,0,6,6,2,3,5,4,0,0,2,1,8,0.2,NA,1,"Reserve","East",1985
"Terry Cummings","MIL","16:00",7,17,0,0,3,4,4,3,7,0,0,1,0,1,17,0.412,NA,0.75,"Reserve","East",1985
"Micheal Ray Richardson","NJN","13:00",2,8,0,2,1,2,2,0,2,1,2,0,2,3,5,0.25,0,0.5,"Reserve","East",1985
"Dennis Johnson","BOS","12:00",3,7,0,0,2,2,1,5,6,3,0,0,1,2,8,0.429,NA,1,"Reserve","East",1985
"Bill Laimbeer","DET","11:00",2,4,0,0,1,2,1,2,3,1,0,0,0,1,5,0.5,NA,0.5,"Reserve","East",1985
"Robert Parish","BOS","10:00",2,5,0,0,0,0,3,3,6,1,0,0,0,0,4,0.4,NA,NA,"Reserve","East",1985
"Magic Johnson","LAL","31:00",7,14,0,0,7,8,2,3,5,15,1,0,3,2,21,0.5,NA,0.875,"Starter","West",1985
"Ralph Sampson","HOU","29:00",10,15,0,0,4,6,3,7,10,1,0,1,1,5,24,0.667,NA,0.667,"Starter","West",1985
"George Gervin","SAS","25:00",10,12,0,0,3,4,0,3,3,1,3,1,4,2,23,0.833,NA,0.75,"Starter","West",1985
"Kareem Abdul-Jabbar","LAL","23:00",5,10,0,0,1,2,0,6,6,1,1,1,1,5,11,0.5,NA,0.5,"Starter","West",1985
"Adrian Dantley","UTA","23:00",2,6,0,0,6,6,0,2,2,1,1,0,2,4,10,0.333,NA,1,"Starter","West",1985
"Rolando Blackman","DAL","23:00",7,14,0,0,1,2,1,2,3,2,1,1,0,1,15,0.5,NA,0.5,"Reserve","West",1985
"Norm Nixon","LAC","19:00",5,7,0,0,1,2,0,2,2,8,1,0,1,0,11,0.714,NA,0.5,"Reserve","West",1985
"Larry Nance","PHO","15:00",7,8,0,0,2,2,1,4,5,0,0,2,2,5,16,0.875,NA,1,"Reserve","West",1985
"Hakeem Olajuwon","HOU","15:00",2,2,0,0,2,6,2,3,5,1,0,2,0,1,6,1,NA,0.333,"Reserve","West",1985
"Alex English","DEN","14:00",0,3,0,0,0,0,1,1,2,1,0,0,2,1,0,0,NA,NA,"Reserve","West",1985
"Jack Sikma","SEA","12:00",0,2,0,0,0,0,0,2,2,0,0,1,0,1,0,0,NA,NA,"Reserve","West",1985
"Calvin Natt","DEN","11:00",1,3,0,0,1,2,0,3,3,1,0,0,1,1,3,0.333,NA,0.5,"Reserve","West",1985
"Isiah Thomas","DET","36:00",11,19,0,1,8,9,0,1,1,10,5,0,5,2,30,0.579,0,0.889,"Starter","East",1986
"Larry Bird","BOS","35:00",8,18,2,4,5,6,2,6,8,5,7,0,4,5,23,0.444,0.5,0.833,"Starter","East",1986
"Moses Malone","PHI","34:00",5,12,0,0,6,9,5,8,13,0,1,0,1,4,16,0.417,NA,0.667,"Starter","East",1986
"Sidney Moncrief","MIL","26:00",4,11,1,1,7,7,3,0,3,1,0,1,0,0,16,0.364,1,1,"Starter","East",1986
"Julius Erving","PHI","19:00",4,10,0,0,0,2,1,3,4,2,2,0,2,2,8,0.4,NA,0,"Starter","East",1986
"Buck Williams","NJN","20:00",5,8,0,0,3,5,3,4,7,4,0,0,1,0,13,0.625,NA,0.6,"Reserve","East",1986
"Kevin McHale","BOS","20:00",3,8,0,0,2,2,3,7,10,2,0,4,0,4,8,0.375,NA,1,"Reserve","East",1986
"Dominique Wilkins","ATL","17:00",6,15,0,0,1,2,2,1,3,2,0,1,1,2,13,0.4,NA,0.5,"Reserve","East",1986
"Maurice Cheeks","PHI","14:00",3,6,0,0,0,0,0,0,0,2,2,0,3,0,6,0.5,NA,NA,"Reserve","East",1986
"Jeff Malone","WSB","12:00",3,5,0,0,0,0,0,1,1,4,1,0,0,0,6,0.6,NA,NA,"Reserve","East",1986
"Robert Parish","BOS","7:00",0,0,0,0,0,2,0,1,1,0,0,1,1,0,0,NA,NA,0,"Reserve","East",1986
"Kareem Abdul-Jabbar","LAL","32:00",9,15,0,0,3,4,2,5,7,2,2,2,5,4,21,0.6,NA,0.75,"Starter","West",1986
"James Worthy","LAL","28:00",10,19,0,2,0,0,2,1,3,2,0,2,1,3,20,0.526,0,NA,"Starter","West",1986
"Magic Johnson","LAL","28:00",1,3,0,1,4,4,0,4,4,15,1,0,9,4,6,0.333,0,1,"Starter","West",1986
"Ralph Sampson","HOU","21:00",7,11,0,0,2,2,1,3,4,1,0,0,2,4,16,0.636,NA,1,"Starter","West",1986
"Alvin Robertson","SAS","20:00",2,6,0,0,0,0,1,8,9,5,0,0,4,1,4,0.333,NA,NA,"Starter","West",1986
"Rolando Blackman","DAL","22:00",6,11,0,0,0,0,1,3,4,8,2,1,1,1,12,0.545,NA,NA,"Reserve","West",1986
"Adrian Dantley","UTA","17:00",3,8,0,0,2,2,1,6,7,3,1,0,0,1,8,0.375,NA,1,"Reserve","West",1986
"Alex English","DEN","16:00",8,12,0,0,0,0,1,0,1,2,0,1,0,0,16,0.667,NA,NA,"Reserve","West",1986
"Clyde Drexler","POR","15:00",5,7,0,1,0,0,0,4,4,4,3,1,3,3,10,0.714,0,NA,"Reserve","West",1986
"Hakeem Olajuwon","HOU","15:00",1,8,0,0,1,2,1,4,5,0,1,2,1,3,3,0.125,NA,0.5,"Reserve","West",1986
"Artis Gilmore","SAS","13:00",3,4,0,0,4,4,1,1,2,1,2,0,0,4,10,0.75,NA,1,"Reserve","West",1986
"Marques Johnson","LAC","13:00",3,6,0,0,0,0,2,1,3,2,0,0,1,3,6,0.5,NA,NA,"Reserve","West",1986
"Moses Malone","WSB","35:00",11,19,0,0,5,6,7,11,18,2,2,1,1,4,27,0.579,NA,0.833,"Starter","East",1987
"Larry Bird","BOS","35:00",7,18,0,3,4,4,2,4,6,5,2,0,2,5,18,0.389,0,1,"Starter","East",1987
"Julius Erving","PHI","33:00",9,13,1,1,3,3,3,1,4,5,1,1,2,3,22,0.692,1,1,"Starter","East",1987
"Michael Jordan","CHI","28:00",5,12,0,1,1,2,0,0,0,4,2,0,5,2,11,0.417,0,0.5,"Starter","East",1987
"Dominique Wilkins","ATL","24:00",3,9,0,0,4,7,3,2,5,1,0,1,2,2,10,0.333,NA,0.571,"Starter","East",1987
"Kevin McHale","BOS","30:00",7,11,0,0,2,2,4,3,7,2,0,4,0,5,16,0.636,NA,1,"Reserve","East",1987
"Isiah Thomas","DET","24:00",4,6,0,0,8,9,2,1,3,9,0,0,5,3,16,0.667,NA,0.889,"Reserve","East",1987
"Charles Barkley","PHI","16:00",2,6,0,2,3,6,1,3,4,1,1,0,0,2,7,0.333,0,0.5,"Reserve","East",1987
"Jeff Malone","WSB","13:00",3,5,0,1,0,0,1,1,2,2,0,0,1,1,6,0.6,0,NA,"Reserve","East",1987
"Bill Laimbeer","DET","11:00",4,7,0,0,0,0,0,2,2,1,1,0,0,2,8,0.571,NA,NA,"Reserve","East",1987
"Maurice Cheeks","PHI","8:00",1,2,0,0,2,2,0,0,0,0,1,0,1,1,4,0.5,NA,1,"Reserve","East",1987
"Robert Parish","BOS","8:00",2,3,0,0,0,0,0,3,3,0,0,1,0,1,4,0.667,NA,NA,"Reserve","East",1987
"Magic Johnson","LAL","34:00",4,10,0,0,1,2,1,6,7,13,4,0,1,2,9,0.4,NA,0.5,"Starter","West",1987
"Tom Chambers","SEA","29:00",13,25,2,3,6,9,3,1,4,2,4,0,3,5,34,0.52,0.667,0.667,"Starter","West",1987
"James Worthy","LAL","29:00",10,14,0,0,2,2,6,2,8,3,1,0,2,3,22,0.714,NA,1,"Starter","West",1987
"Hakeem Olajuwon","HOU","26:00",2,6,0,0,6,8,4,9,13,2,0,3,1,6,10,0.333,NA,0.75,"Starter","West",1987
"Alvin Robertson","SAS","16:00",2,5,0,0,2,2,2,0,2,1,0,0,1,1,6,0.4,NA,1,"Starter","West",1987
"Kareem Abdul-Jabbar","LAL","27:00",4,9,0,0,2,2,2,6,8,3,0,2,1,5,10,0.444,NA,1,"Reserve","West",1987
"Rolando Blackman","DAL","22:00",9,15,0,0,11,13,1,3,4,1,0,0,2,2,29,0.6,NA,0.846,"Reserve","West",1987
"Sleepy Floyd","GSW","19:00",4,7,1,3,5,7,2,3,5,1,1,0,2,2,14,0.571,0.333,0.714,"Reserve","West",1987
"Joe Barry Carroll","GSW","18:00",1,7,0,0,2,2,4,2,6,0,0,1,1,4,4,0.143,NA,1,"Reserve","West",1987
"Mark Aguirre","DAL","17:00",3,6,1,2,2,3,1,1,2,1,0,0,2,1,9,0.5,0.5,0.667,"Reserve","West",1987
"Walter Davis","PHO","15:00",3,12,1,1,0,0,2,0,2,1,0,0,0,0,7,0.25,1,NA,"Reserve","West",1987
"Alex English","DEN","13:00",0,6,0,0,0,0,0,0,0,1,0,0,2,1,0,0,NA,NA,"Reserve","West",1987
"Larry Bird","BOS","32:00",2,8,0,1,2,2,0,7,7,1,4,1,2,4,6,0.25,0,1,"Starter","East",1988
"Dominique Wilkins","ATL","30:00",12,22,0,0,5,6,1,4,5,0,0,1,0,3,29,0.545,NA,0.833,"Starter","East",1988
"Michael Jordan","CHI","29:00",17,23,0,0,6,6,3,5,8,3,4,4,2,5,40,0.739,NA,1,"Starter","East",1988
"Isiah Thomas","DET","28:00",4,10,0,0,0,0,1,1,2,15,1,0,6,1,8,0.4,NA,NA,"Starter","East",1988
"Moses Malone","WSB","22:00",2,6,0,0,3,6,5,4,9,2,0,0,2,2,7,0.333,NA,0.5,"Starter","East",1988
"Danny Ainge","BOS","19:00",4,11,3,4,1,2,1,2,3,2,1,0,1,1,12,0.364,0.75,0.5,"Reserve","East",1988
"Patrick Ewing","NYK","16:00",4,8,0,0,1,1,1,5,6,0,0,1,1,1,9,0.5,NA,1,"Reserve","East",1988
"Doc Rivers","ATL","16:00",2,4,0,0,5,11,0,3,3,6,0,0,3,3,9,0.5,NA,0.455,"Reserve","East",1988
"Brad Daugherty","CLE","15:00",6,7,0,0,0,0,0,3,3,1,0,1,0,4,12,0.857,NA,NA,"Reserve","East",1988
"Charles Barkley","PHI","15:00",1,4,0,1,2,2,1,2,3,0,1,1,3,2,4,0.25,0,1,"Reserve","East",1988
"Kevin McHale","BOS","14:00",0,1,0,0,2,2,0,1,1,1,0,2,2,2,2,0,NA,1,"Reserve","East",1988
"Maurice Cheeks","PHI","4:00",0,0,0,0,0,0,0,2,2,1,0,0,0,1,0,NA,NA,NA,"Reserve","East",1988
"Magic Johnson","LAL","39:00",4,15,0,1,9,9,1,5,6,19,2,2,8,2,17,0.267,0,1,"Starter","West",1988
"Karl Malone","UTA","33:00",9,19,0,0,4,5,4,6,10,2,2,0,3,4,22,0.474,NA,0.8,"Starter","West",1988
"Fat Lever","DEN","31:00",7,14,0,0,3,4,0,4,4,3,0,0,0,4,17,0.5,NA,0.75,"Starter","West",1988
"Hakeem Olajuwon","HOU","28:00",8,13,0,0,5,7,7,2,9,2,2,2,4,3,21,0.615,NA,0.714,"Starter","West",1988
"Alex English","DEN","22:00",5,10,0,0,0,0,2,1,3,4,1,0,0,0,10,0.5,NA,NA,"Starter","West",1988
"Clyde Drexler","POR","15:00",3,5,0,1,6,6,2,3,5,0,1,0,1,3,12,0.6,0,1,"Reserve","West",1988
"Kareem Abdul-Jabbar","LAL","14:00",4,9,0,0,2,2,2,2,4,0,0,0,0,3,10,0.444,NA,1,"Reserve","West",1988
"James Worthy","LAL","13:00",2,8,0,0,0,1,1,2,3,1,0,1,0,1,4,0.25,NA,0,"Reserve","West",1988
"Xavier McDaniel","SEA","13:00",1,9,0,0,0,0,1,1,2,0,0,0,1,1,2,0.111,NA,NA,"Reserve","West",1988
"Mark Aguirre","DAL","12:00",5,10,1,3,3,3,0,1,1,1,1,0,3,3,14,0.5,0.333,1,"Reserve","West",1988
"Alvin Robertson","SAS","12:00",1,3,0,0,0,0,0,0,0,1,2,0,2,1,2,0.333,NA,NA,"Reserve","West",1988
"James Donaldson","DAL","8:00",0,0,0,0,2,2,1,5,6,1,0,2,0,2,2,NA,NA,1,"Reserve","West",1988
"Michael Jordan","CHI","33:00",13,23,0,1,2,4,1,1,2,3,5,0,4,1,28,0.565,0,0.5,"Starter","East",1989
"Isiah Thomas","DET","33:00",7,13,1,3,4,6,1,1,2,14,4,0,6,2,19,0.538,0.333,0.667,"Starter","East",1989
"Charles Barkley","PHI","20:00",6,11,0,0,5,8,3,2,5,0,2,1,1,0,17,0.545,NA,0.625,"Starter","East",1989
"Moses Malone","ATL","19:00",3,9,0,0,3,3,4,4,8,0,1,1,1,1,9,0.333,NA,1,"Starter","East",1989
"Dominique Wilkins","ATL","15:00",3,8,0,0,3,3,1,1,2,0,3,0,2,0,9,0.375,NA,1,"Starter","East",1989
"Mark Price","CLE","20:00",3,9,1,4,2,2,1,2,3,1,2,0,2,2,9,0.333,0.25,1,"Reserve","East",1989
"Terry Cummings","MIL","19:00",4,9,0,0,2,2,2,3,5,1,3,1,0,4,10,0.444,NA,1,"Reserve","East",1989
"Larry Nance","CLE","17:00",5,9,0,0,0,0,3,3,6,1,1,1,0,1,10,0.556,NA,NA,"Reserve","East",1989
"Patrick Ewing","NYK","17:00",2,8,0,0,0,4,1,5,6,2,1,2,3,2,4,0.25,NA,0,"Reserve","East",1989
"Kevin McHale","BOS","16:00",5,7,0,0,0,0,1,2,3,0,0,2,1,3,10,0.714,NA,NA,"Reserve","East",1989
"Mark Jackson","NYK","16:00",3,5,1,1,2,4,1,1,2,4,1,1,2,1,9,0.6,1,0.5,"Reserve","East",1989
"Brad Daugherty","CLE","15:00",0,3,0,0,0,0,2,1,3,0,1,0,1,0,0,0,NA,NA,"Reserve","East",1989
"John Stockton","UTA","32:00",5,6,1,1,0,0,0,2,2,17,5,0,12,4,11,0.833,1,NA,"Starter","West",1989
"Alex English","DEN","29:00",8,13,0,0,0,0,1,2,3,4,2,0,3,0,16,0.615,NA,NA,"Starter","West",1989
"Karl Malone","UTA","26:00",12,17,0,0,4,6,4,5,9,3,2,0,2,3,28,0.706,NA,0.667,"Starter","West",1989
"Dale Ellis","SEA","26:00",12,16,1,1,2,2,3,3,6,2,0,0,2,2,27,0.75,1,1,"Starter","West",1989
"Hakeem Olajuwon","HOU","25:00",5,12,0,0,2,3,4,3,7,3,3,2,3,2,12,0.417,NA,0.667,"Starter","West",1989
"Clyde Drexler","POR","25:00",7,19,0,0,0,0,6,6,12,4,2,0,6,3,14,0.368,NA,NA,"Reserve","West",1989
"James Worthy","LAL","18:00",4,7,0,1,0,0,0,2,2,2,2,0,0,0,8,0.571,0,NA,"Reserve","West",1989
"Tom Chambers","PHO","16:00",4,8,0,0,6,6,2,3,5,1,0,0,2,3,14,0.5,NA,1,"Reserve","West",1989
"Chris Mullin","GSW","14:00",1,4,0,0,2,2,2,0,2,2,0,0,1,0,4,0.25,NA,1,"Reserve","West",1989
"Kareem Abdul-Jabbar","LAL","13:00",1,6,0,1,2,2,0,3,3,0,0,2,0,3,4,0.167,0,1,"Reserve","West",1989
"Mark Eaton","UTA","9:00",0,0,0,0,0,0,0,5,5,0,0,2,0,1,0,NA,NA,NA,"Reserve","West",1989
"Kevin Duckworth","POR","7:00",2,5,0,0,1,2,1,0,1,0,0,0,0,2,5,0.4,NA,0.5,"Reserve","West",1989
"Michael Jordan","CHI","29:00",8,17,1,1,0,0,1,4,5,2,5,1,5,1,17,0.471,1,NA,"Starter","East",1990
"Isiah Thomas","DET","27:00",7,12,1,1,0,0,1,3,4,9,3,0,1,0,15,0.583,1,NA,"Starter","East",1990
"Patrick Ewing","NYK","27:00",5,9,0,0,2,2,1,9,10,1,1,5,5,5,12,0.556,NA,1,"Starter","East",1990
"Larry Bird","BOS","23:00",3,8,0,1,2,2,2,6,8,3,3,0,3,1,8,0.375,0,1,"Starter","East",1990
"Charles Barkley","PHI","22:00",7,12,1,1,2,3,2,2,4,0,1,1,2,1,17,0.583,1,0.667,"Starter","East",1990
"Robert Parish","BOS","21:00",7,11,0,0,0,1,2,2,4,2,0,1,1,4,14,0.636,NA,0,"Reserve","East",1990
"Kevin McHale","BOS","20:00",6,11,1,1,0,0,2,6,8,1,0,0,0,4,13,0.545,1,NA,"Reserve","East",1990
"Joe Dumars","DET","18:00",3,4,2,2,1,2,0,1,1,5,0,0,3,0,9,0.75,1,0.5,"Reserve","East",1990
"Dominique Wilkins","ATL","16:00",5,10,1,1,2,2,0,0,0,4,1,0,0,1,13,0.5,1,1,"Reserve","East",1990
"Reggie Miller","IND","14:00",2,3,0,1,0,0,0,1,1,3,1,0,0,1,4,0.667,0,NA,"Reserve","East",1990
"Scottie Pippen","CHI","12:00",2,4,0,1,0,0,0,1,1,0,1,1,1,1,4,0.5,0,NA,"Reserve","East",1990
"Dennis Rodman","DET","11:00",2,4,0,0,0,0,3,1,4,1,0,1,2,1,4,0.5,NA,NA,"Reserve","East",1990
"Hakeem Olajuwon","HOU","31:00",2,14,0,0,4,10,9,7,16,2,1,1,4,1,8,0.143,NA,0.4,"Starter","West",1990
"Magic Johnson","LAL","25:00",9,15,4,6,0,0,1,5,6,4,0,1,3,1,22,0.6,0.667,NA,"Starter","West",1990
"James Worthy","LAL","19:00",1,11,0,0,0,0,3,1,4,0,1,0,1,1,2,0.091,NA,NA,"Starter","West",1990
"John Stockton","UTA","15:00",1,4,0,1,0,0,0,0,0,6,1,1,3,1,2,0.25,0,NA,"Starter","West",1990
"A.C. Green","LAL","12:00",0,3,0,0,0,0,0,3,3,1,0,1,1,1,0,0,NA,NA,"Starter","West",1990
"David Robinson","SAS","25:00",7,12,0,0,1,2,2,8,10,1,2,1,1,1,15,0.583,NA,0.5,"Reserve","West",1990
"Fat Lever","DEN","22:00",7,13,0,2,2,2,0,3,3,2,2,0,0,0,16,0.538,0,1,"Reserve","West",1990
"Tom Chambers","PHO","21:00",8,12,0,1,5,7,2,1,3,1,1,0,3,0,21,0.667,0,0.714,"Reserve","West",1990
"Rolando Blackman","DAL","21:00",7,9,0,0,1,1,1,1,2,2,2,0,2,1,15,0.778,NA,1,"Reserve","West",1990
"Clyde Drexler","POR","19:00",2,6,1,1,2,2,4,0,4,2,1,1,1,1,7,0.333,1,1,"Reserve","West",1990
"Chris Mullin","GSW","16:00",1,5,0,0,1,2,1,2,3,1,2,1,1,0,3,0.2,NA,0.5,"Reserve","West",1990
"Kevin Johnson","PHO","14:00",1,1,0,0,0,0,0,0,0,4,0,0,3,2,2,1,NA,NA,"Reserve","West",1990
"Michael Jordan","CHI","36:00",10,25,0,2,6,7,3,2,5,5,2,0,10,2,26,0.4,0,0.857,"Starter","East",1991
"Charles Barkley","PHI","35:00",7,15,0,0,3,6,8,14,22,4,1,1,3,5,17,0.467,NA,0.5,"Starter","East",1991
"Patrick Ewing","NYK","30:00",8,10,0,0,2,2,2,8,10,0,1,4,2,5,18,0.8,NA,1,"Starter","East",1991
"Bernard King","WSB","26:00",2,8,0,0,4,4,2,1,3,3,0,1,1,1,8,0.25,NA,1,"Starter","East",1991
"Joe Dumars","DET","15:00",1,4,0,1,0,0,1,1,2,1,0,0,4,1,2,0.25,0,NA,"Starter","East",1991
"Dominique Wilkins","ATL","22:00",3,11,0,2,6,8,3,0,3,4,1,1,2,2,12,0.273,0,0.75,"Reserve","East",1991
"Ricky Pierce","MIL","19:00",4,8,0,0,1,1,0,2,2,2,0,0,2,2,9,0.5,NA,1,"Reserve","East",1991
"Hersey Hawkins","PHI","14:00",3,5,0,1,0,0,0,0,0,1,0,0,1,1,6,0.6,0,NA,"Reserve","East",1991
"Kevin McHale","BOS","14:00",0,3,0,1,2,2,1,2,3,2,1,0,0,2,2,0,0,1,"Reserve","East",1991
"Brad Daugherty","CLE","12:00",3,7,0,0,2,3,3,2,5,1,0,0,0,3,8,0.429,NA,0.667,"Reserve","East",1991
"Alvin Robertson","MIL","12:00",2,4,0,0,2,2,0,2,2,0,0,0,3,0,6,0.5,NA,1,"Reserve","East",1991
"Robert Parish","BOS","5:00",1,2,0,0,0,0,1,3,4,0,0,0,1,2,2,0.5,NA,NA,"Reserve","East",1991
"Karl Malone","UTA","31:00",6,11,0,0,4,6,4,7,11,4,1,1,3,1,16,0.545,NA,0.667,"Starter","West",1991
"Magic Johnson","LAL","28:00",7,16,2,5,0,0,1,3,4,3,0,0,3,1,16,0.438,0.4,NA,"Starter","West",1991
"Chris Mullin","GSW","24:00",4,8,1,1,4,4,0,2,2,2,2,0,2,2,13,0.5,1,1,"Starter","West",1991
"Kevin Johnson","PHO","23:00",2,5,0,0,1,2,1,1,2,7,3,1,3,2,5,0.4,NA,0.5,"Starter","West",1991
"David Robinson","SAS","18:00",6,13,0,0,4,5,3,3,6,0,2,3,2,5,16,0.462,NA,0.8,"Starter","West",1991
"James Worthy","LAL","21:00",3,11,0,0,3,4,0,2,2,0,2,1,0,2,9,0.273,NA,0.75,"Reserve","West",1991
"Clyde Drexler","POR","19:00",4,9,0,0,4,4,2,2,4,2,1,1,0,3,12,0.444,NA,1,"Reserve","West",1991
"Kevin Duckworth","POR","19:00",2,3,0,0,2,2,2,2,4,0,1,0,2,3,6,0.667,NA,1,"Reserve","West",1991
"Tom Chambers","PHO","18:00",4,11,0,1,0,0,2,2,4,1,1,0,4,3,8,0.364,0,NA,"Reserve","West",1991
"Terry Porter","POR","15:00",2,6,0,2,0,0,1,2,3,4,2,1,3,2,4,0.333,0,NA,"Reserve","West",1991
"Tim Hardaway","GSW","12:00",2,7,1,2,0,0,2,1,3,4,2,0,0,1,5,0.286,0.5,NA,"Reserve","West",1991
"John Stockton","UTA","12:00",1,6,0,1,2,4,0,1,1,2,0,0,0,2,4,0.167,0,0.5,"Reserve","West",1991
"Michael Jordan","CHI","31:00",9,17,0,0,0,0,1,0,1,5,2,0,1,2,18,0.529,NA,NA,"Starter","East",1992
"Isiah Thomas","DET","28:00",7,14,1,3,0,0,0,1,1,5,3,0,3,0,15,0.5,0.333,NA,"Starter","East",1992
"Charles Barkley","PHI","28:00",6,14,0,2,0,0,2,7,9,1,0,0,3,3,12,0.429,0,NA,"Starter","East",1992
"Scottie Pippen","CHI","21:00",6,13,0,0,2,3,4,0,4,1,2,1,1,0,14,0.462,NA,0.667,"Starter","East",1992
"Patrick Ewing","NYK","17:00",4,7,0,0,2,5,2,2,4,0,2,1,2,3,10,0.571,NA,0.4,"Starter","East",1992
"Dennis Rodman","DET","25:00",2,7,0,0,0,0,7,6,13,0,1,0,2,1,4,0.286,NA,NA,"Reserve","East",1992
"Joe Dumars","DET","17:00",2,7,0,2,0,0,0,1,1,3,0,0,2,0,4,0.286,0,NA,"Reserve","East",1992
"Reggie Lewis","BOS","15:00",3,7,0,0,1,2,4,0,4,2,0,1,1,3,7,0.429,NA,0.5,"Reserve","East",1992
"Brad Daugherty","CLE","15:00",3,8,0,0,0,0,3,3,6,1,1,0,3,0,6,0.375,NA,NA,"Reserve","East",1992
"Mark Price","CLE","15:00",1,5,0,3,4,4,0,0,0,3,1,0,3,1,6,0.2,0,1,"Reserve","East",1992
"Michael Adams","WSB","14:00",4,8,1,3,0,0,1,0,1,1,4,0,1,1,9,0.5,0.333,NA,"Reserve","East",1992
"Kevin Willis","ATL","14:00",4,10,0,0,0,0,4,0,4,0,0,0,0,1,8,0.4,NA,NA,"Reserve","East",1992
"Magic Johnson","LAL","29:00",9,12,3,3,4,4,3,2,5,9,2,0,7,0,25,0.75,1,1,"Starter","West",1992
"Clyde Drexler","POR","28:00",10,15,2,4,0,0,2,7,9,6,0,2,1,2,22,0.667,0.5,NA,"Starter","West",1992
"Chris Mullin","GSW","24:00",6,7,1,1,0,0,0,1,1,3,0,0,1,0,13,0.857,1,NA,"Starter","West",1992
"Karl Malone","UTA","19:00",5,7,0,0,1,2,0,7,7,3,1,1,1,1,11,0.714,NA,0.5,"Starter","West",1992
"David Robinson","SAS","18:00",7,9,0,0,5,8,1,4,5,2,3,1,0,3,19,0.778,NA,0.625,"Starter","West",1992
"Jeff Hornacek","PHO","24:00",5,7,1,2,0,0,1,1,2,3,1,0,0,0,11,0.714,0.5,NA,"Reserve","West",1992
"Tim Hardaway","GSW","20:00",5,10,2,5,2,2,0,0,0,7,1,0,2,2,14,0.5,0.4,1,"Reserve","West",1992
"Hakeem Olajuwon","HOU","20:00",3,6,0,0,1,2,0,4,4,2,2,1,3,3,7,0.5,NA,0.5,"Reserve","West",1992
"John Stockton","UTA","18:00",5,8,2,3,0,0,0,1,1,5,3,0,3,2,12,0.625,0.667,NA,"Reserve","West",1992
"James Worthy","LAL","14:00",4,7,0,0,1,2,0,4,4,1,1,0,0,0,9,0.571,NA,0.5,"Reserve","West",1992
"Dan Majerle","PHO","12:00",2,5,0,2,0,0,0,3,3,2,0,0,1,0,4,0.4,0,NA,"Reserve","West",1992
"Dikembe Mutombo","DEN","10:00",2,4,0,0,0,0,1,1,2,1,1,0,2,0,4,0.5,NA,NA,"Reserve","West",1992
"Otis Thorpe","HOU","4:00",1,1,0,0,0,0,0,0,0,0,0,0,0,0,2,1,NA,NA,"Reserve","West",1992
"Michael Jordan","CHI","36:00",10,24,1,2,9,13,3,1,4,5,4,0,6,5,30,0.417,0.5,0.692,"Starter","East",1993
"Isiah Thomas","DET","32:00",4,7,0,1,0,2,0,2,2,4,2,0,2,2,8,0.571,0,0,"Starter","East",1993
"Scottie Pippen","CHI","29:00",4,14,0,2,2,3,2,3,5,4,5,2,0,4,10,0.286,0,0.667,"Starter","East",1993
"Shaquille O'Neal","ORL","25:00",4,9,0,0,6,9,3,4,7,0,0,0,0,3,14,0.444,NA,0.667,"Starter","East",1993
"Larry Johnson","CHH","16:00",2,6,0,0,0,0,3,1,4,0,0,0,0,1,4,0.333,NA,NA,"Starter","East",1993
"Patrick Ewing","NYK","25:00",7,11,0,0,1,1,3,7,10,1,2,2,4,4,15,0.636,NA,1,"Reserve","East",1993
"Mark Price","CLE","23:00",6,11,6,9,1,2,0,1,1,4,1,0,3,5,19,0.545,0.667,0.5,"Reserve","East",1993
"Brad Daugherty","CLE","19:00",3,4,0,0,2,4,1,6,7,0,0,0,0,0,8,0.75,NA,0.5,"Reserve","East",1993
"Dominique Wilkins","ATL","18:00",2,11,1,3,4,4,4,3,7,0,1,0,1,2,9,0.182,0.333,1,"Reserve","East",1993
"Joe Dumars","DET","17:00",2,8,1,4,0,0,0,2,2,4,0,0,1,1,5,0.25,0.25,NA,"Reserve","East",1993
"Detlef Schrempf","IND","13:00",1,3,0,1,1,2,0,3,3,0,0,0,1,4,3,0.333,0,0.5,"Reserve","East",1993
"Larry Nance","CLE","12:00",3,4,0,0,1,2,1,2,3,1,1,1,0,3,7,0.75,NA,0.5,"Reserve","East",1993
"Karl Malone","UTA","34:00",11,17,0,0,6,9,3,7,10,0,1,2,3,3,28,0.647,NA,0.667,"Starter","West",1993
"Charles Barkley","PHO","34:00",5,11,1,2,5,7,0,4,4,7,4,0,4,3,16,0.455,0.5,0.714,"Starter","West",1993
"John Stockton","UTA","31:00",3,6,1,2,2,2,0,6,6,15,2,0,5,3,9,0.5,0.5,1,"Starter","West",1993
"David Robinson","SAS","26:00",7,10,0,0,7,12,2,8,10,1,0,1,1,4,21,0.7,NA,0.583,"Starter","West",1993
"Clyde Drexler","POR","11:00",1,3,0,1,0,0,1,0,1,1,0,0,2,3,2,0.333,0,NA,"Starter","West",1993
"Dan Majerle","PHO","26:00",6,11,3,6,3,4,2,5,7,3,1,2,0,2,18,0.545,0.5,0.75,"Reserve","West",1993
"Tim Hardaway","GSW","21:00",3,9,1,3,9,12,1,5,6,4,1,0,3,1,16,0.333,0.333,0.75,"Reserve","West",1993
"Hakeem Olajuwon","HOU","21:00",1,5,0,0,1,2,2,5,7,1,2,2,3,3,3,0.2,NA,0.5,"Reserve","West",1993
"Terry Porter","POR","19:00",3,8,1,5,0,0,0,0,0,3,1,0,1,1,7,0.375,0.2,NA,"Reserve","West",1993
"Danny Manning","LAC","18:00",5,5,0,0,0,0,1,3,4,1,0,0,0,1,10,1,NA,NA,"Reserve","West",1993
"Sean Elliott","SAS","15:00",1,6,0,0,3,4,1,1,2,0,0,0,1,1,5,0.167,NA,0.75,"Reserve","West",1993
"Shawn Kemp","SEA","9:00",0,2,0,0,0,0,2,0,2,0,0,0,0,3,0,0,NA,NA,"Reserve","West",1993
"Scottie Pippen","CHI","31:00",9,15,5,9,6,10,0,11,11,2,4,1,2,2,29,0.6,0.556,0.6,"Starter","East",1994
"Shaquille O'Neal","ORL","26:00",2,12,0,0,4,11,4,6,10,0,1,4,1,2,8,0.167,NA,0.364,"Starter","East",1994
"B.J. Armstrong","CHI","22:00",5,9,1,2,0,0,1,0,1,4,0,0,1,1,11,0.556,0.5,NA,"Starter","East",1994
"Derrick Coleman","NJN","18:00",1,6,0,2,0,0,1,2,3,1,1,1,0,3,2,0.167,0,NA,"Starter","East",1994
"Kenny Anderson","NJN","16:00",3,10,0,1,0,0,1,3,4,3,0,0,4,2,6,0.3,0,NA,"Starter","East",1994
"Patrick Ewing","NYK","24:00",7,15,0,0,6,7,4,4,8,1,0,0,1,2,20,0.467,NA,0.857,"Reserve","East",1994
"Mark Price","CLE","22:00",8,10,2,3,2,2,0,2,2,5,1,1,0,1,20,0.8,0.667,1,"Reserve","East",1994
"John Starks","NYK","20:00",4,9,1,3,0,0,1,2,3,3,1,0,2,1,9,0.444,0.333,NA,"Reserve","East",1994
"Dominique Wilkins","ATL","17:00",4,9,0,2,3,6,2,0,2,4,0,0,0,1,11,0.444,0,0.5,"Reserve","East",1994
"Horace Grant","CHI","17:00",2,8,0,0,0,0,6,2,8,2,1,2,1,0,4,0.25,NA,NA,"Reserve","East",1994
"Mookie Blaylock","ATL","16:00",2,5,1,2,0,0,0,1,1,2,2,0,1,3,5,0.4,0.5,NA,"Reserve","East",1994
"Charles Oakley","NYK","11:00",1,3,0,0,0,0,1,2,3,3,0,0,0,3,2,0.333,NA,NA,"Reserve","East",1994
"Hakeem Olajuwon","HOU","30:00",8,15,0,0,3,6,4,7,11,2,2,5,3,4,19,0.533,NA,0.5,"Starter","West",1994
"Mitch Richmond","SAC","24:00",5,16,0,0,0,0,0,2,2,3,0,0,2,0,10,0.313,NA,NA,"Starter","West",1994
"Shawn Kemp","SEA","22:00",3,11,0,0,0,0,6,6,12,4,0,3,6,4,6,0.273,NA,NA,"Starter","West",1994
"Karl Malone","UTA","21:00",3,9,0,0,0,0,3,4,7,2,1,0,1,2,6,0.333,NA,NA,"Starter","West",1994
"Clyde Drexler","POR","15:00",3,7,0,2,0,0,0,3,3,1,1,1,1,1,6,0.429,0,NA,"Starter","West",1994
"John Stockton","UTA","26:00",6,10,1,1,0,0,1,4,5,10,1,0,4,2,13,0.6,1,NA,"Reserve","West",1994
"David Robinson","SAS","21:00",6,13,0,0,7,10,3,2,5,0,0,2,1,2,19,0.462,NA,0.7,"Reserve","West",1994
"Clifford Robinson","POR","18:00",5,8,0,1,0,0,1,1,2,5,1,0,0,0,10,0.625,0,NA,"Reserve","West",1994
"Danny Manning","LAC","17:00",4,7,0,0,0,0,0,4,4,2,0,1,0,4,8,0.571,NA,NA,"Reserve","West",1994
"Gary Payton","SEA","17:00",3,4,0,0,0,0,2,4,6,9,0,0,0,2,6,0.75,NA,NA,"Reserve","West",1994
"Latrell Sprewell","GSW","15:00",3,8,0,2,3,7,4,3,7,1,0,0,2,1,9,0.375,0,0.429,"Reserve","West",1994
"Kevin Johnson","PHO","14:00",3,6,0,0,0,1,0,1,1,2,1,0,2,1,6,0.5,NA,0,"Reserve","West",1994
"Anfernee Hardaway","ORL","31:00",4,9,0,2,4,6,4,1,5,11,0,0,3,1,12,0.444,0,0.667,"Starter","East",1995
"Scottie Pippen","CHI","30:00",5,15,2,6,0,0,0,7,7,3,2,1,4,1,12,0.333,0.333,NA,"Starter","East",1995
"Shaquille O'Neal","ORL","26:00",9,16,0,1,4,7,4,3,7,1,3,2,2,2,22,0.563,0,0.571,"Starter","East",1995
"Reggie Miller","IND","23:00",3,9,3,6,0,0,0,0,0,2,1,1,1,0,9,0.333,0.5,NA,"Starter","East",1995
"Grant Hill","DET","20:00",5,8,0,0,0,4,0,0,0,3,2,0,1,2,10,0.625,NA,0,"Starter","East",1995
"Patrick Ewing","NYK","22:00",4,7,0,0,2,2,0,3,3,1,1,0,5,3,10,0.571,NA,1,"Reserve","East",1995
"Joe Dumars","DET","21:00",5,8,1,2,0,0,0,0,0,6,1,0,1,1,11,0.625,0.5,NA,"Reserve","East",1995
"Larry Johnson","CHH","20:00",2,3,1,1,2,2,1,3,4,2,0,0,1,0,7,0.667,1,1,"Reserve","East",1995
"Alonzo Mourning","CHH","19:00",4,9,0,1,2,3,0,8,8,1,0,1,1,5,10,0.444,0,0.667,"Reserve","East",1995
"Dana Barros","PHI","11:00",2,5,1,3,0,0,0,1,1,3,0,0,0,0,5,0.4,0.333,NA,"Reserve","East",1995
"Vin Baker","MIL","11:00",0,2,0,0,2,4,2,0,2,0,0,1,1,1,2,0,NA,0.5,"Reserve","East",1995
"Tyrone Hill","CLE","6:00",1,1,0,0,0,0,2,2,4,0,0,0,0,1,2,1,NA,NA,"Reserve","East",1995
"Hakeem Olajuwon","HOU","25:00",6,13,1,1,0,2,4,7,11,1,2,2,3,2,13,0.462,1,0,"Starter","West",1995
"Charles Barkley","PHO","23:00",7,12,1,4,0,0,5,4,9,2,2,0,2,1,15,0.583,0.25,NA,"Starter","West",1995
"Shawn Kemp","SEA","23:00",4,6,0,0,5,6,0,2,2,2,1,0,4,5,13,0.667,NA,0.833,"Starter","West",1995
"Latrell Sprewell","GSW","22:00",4,9,0,2,1,1,2,2,4,4,3,0,1,0,9,0.444,0,1,"Starter","West",1995
"Dan Majerle","PHO","20:00",4,12,2,7,0,0,1,4,5,3,0,0,0,1,10,0.333,0.286,NA,"Starter","West",1995
"Gary Payton","SEA","23:00",3,10,0,3,0,0,3,2,5,15,3,0,3,1,6,0.3,0,NA,"Reserve","West",1995
"Mitch Richmond","SAC","22:00",10,13,3,3,0,0,3,1,4,2,0,0,0,0,23,0.769,1,NA,"Reserve","West",1995
"Dikembe Mutombo","DEN","20:00",6,8,0,0,0,0,3,5,8,1,0,4,0,3,12,0.75,NA,NA,"Reserve","West",1995
"Detlef Schrempf","SEA","18:00",4,11,1,4,0,0,0,4,4,5,0,0,0,2,9,0.364,0.25,NA,"Reserve","West",1995
"Karl Malone","UTA","16:00",6,6,0,0,3,4,0,3,3,1,0,0,1,0,15,1,NA,0.75,"Reserve","West",1995
"David Robinson","SAS","14:00",3,5,0,0,4,6,0,3,3,2,2,1,1,2,10,0.6,NA,0.667,"Reserve","West",1995
"John Stockton","UTA","14:00",2,6,0,3,0,0,1,0,1,6,2,0,0,0,4,0.333,0,NA,"Reserve","West",1995
"Anfernee Hardaway","ORL","31:00",6,8,2,4,4,4,0,3,3,7,2,0,3,0,18,0.75,0.5,1,"Starter","East",1996
"Shaquille O'Neal","ORL","28:00",10,16,0,0,5,11,3,7,10,1,1,2,1,3,25,0.625,NA,0.455,"Starter","East",1996
"Grant Hill","DET","26:00",6,10,0,0,2,2,1,2,3,2,1,0,2,1,14,0.6,NA,1,"Starter","East",1996
"Scottie Pippen","CHI","25:00",4,7,0,1,0,0,2,6,8,5,3,0,6,0,8,0.571,0,NA,"Starter","East",1996
"Michael Jordan","CHI","22:00",8,11,0,0,4,4,1,3,4,1,1,0,0,1,20,0.727,NA,1,"Starter","East",1996
"Terrell Brandon","CLE","20:00",4,10,1,4,2,2,1,0,1,3,1,1,3,1,11,0.4,0.25,1,"Reserve","East",1996
"Reggie Miller","IND","18:00",4,8,0,4,0,0,0,2,2,2,1,0,1,2,8,0.5,0,NA,"Reserve","East",1996
"Juwan Howard","WSB","16:00",1,5,0,0,0,0,4,2,6,2,1,0,0,3,2,0.2,NA,NA,"Reserve","East",1996
"Glen Rice","CHH","15:00",1,5,1,2,4,4,0,1,1,2,0,0,2,2,7,0.2,0.5,1,"Reserve","East",1996
"Vin Baker","MIL","14:00",2,5,0,0,2,2,1,1,2,2,1,0,0,4,6,0.4,NA,1,"Reserve","East",1996
"Alonzo Mourning","MIA","13:00",1,6,0,0,0,0,0,1,1,0,0,1,2,2,2,0.167,NA,NA,"Reserve","East",1996
"Patrick Ewing","NYK","12:00",3,7,0,0,2,2,1,2,3,1,3,1,0,2,8,0.429,NA,1,"Reserve","East",1996
"Shawn Kemp","SEA","22:00",6,12,0,2,1,2,2,2,4,1,0,1,3,4,13,0.5,0,0.5,"Starter","West",1996
"Jason Kidd","DAL","22:00",3,4,1,2,0,0,2,4,6,10,2,0,2,1,7,0.75,0.5,NA,"Starter","West",1996
"Clyde Drexler","HOU","19:00",5,8,1,4,0,0,0,2,2,3,3,0,3,0,11,0.625,0.25,NA,"Starter","West",1996
"Charles Barkley","PHO","16:00",4,6,0,0,0,0,0,0,0,1,0,0,2,1,8,0.667,NA,NA,"Starter","West",1996
"Hakeem Olajuwon","HOU","14:00",2,8,0,0,0,0,1,2,3,0,0,0,0,2,4,0.25,NA,NA,"Starter","West",1996
"Gary Payton","SEA","28:00",6,10,0,1,6,6,3,2,5,5,5,0,6,1,18,0.6,0,1,"Reserve","West",1996
"Mitch Richmond","SAC","25:00",3,10,0,3,1,2,0,2,2,2,1,0,2,0,7,0.3,0,0.5,"Reserve","West",1996
"David Robinson","SAS","23:00",8,13,0,0,2,2,6,5,11,2,2,2,1,4,18,0.615,NA,1,"Reserve","West",1996
"Sean Elliott","SAS","22:00",5,12,2,6,1,1,2,3,5,2,0,0,2,4,13,0.417,0.333,1,"Reserve","West",1996
"Karl Malone","UTA","20:00",2,6,0,0,7,8,0,9,9,2,1,0,1,1,11,0.333,NA,0.875,"Reserve","West",1996
"John Stockton","UTA","18:00",2,9,0,7,0,0,0,1,1,3,0,0,1,2,4,0.222,0,NA,"Reserve","West",1996
"Dikembe Mutombo","DEN","11:00",2,4,0,0,0,0,6,3,9,0,0,0,3,3,4,0.5,NA,NA,"Reserve","West",1996
"Michael Jordan","CHI","26:00",5,14,0,0,4,7,3,8,11,11,2,0,3,4,14,0.357,NA,0.571,"Starter","East",1997
"Scottie Pippen","CHI","25:00",4,9,0,3,0,0,0,3,3,2,0,0,2,0,8,0.444,0,NA,"Starter","East",1997
"Anfernee Hardaway","ORL","24:00",7,10,3,5,2,2,4,3,7,3,2,0,1,2,19,0.7,0.6,1,"Starter","East",1997
"Grant Hill","DET","22:00",4,7,0,0,3,4,2,1,3,2,1,1,3,2,11,0.571,NA,0.75,"Starter","East",1997
"Dikembe Mutombo","ATL","15:00",1,5,0,0,1,2,2,6,8,0,0,1,1,0,3,0.2,NA,0.5,"Starter","East",1997
"Glen Rice","CHH","25:00",10,24,4,7,2,2,1,0,1,1,2,0,1,2,26,0.417,0.571,1,"Reserve","East",1997
"Vin Baker","MIL","24:00",8,12,0,0,3,4,7,5,12,1,0,0,0,2,19,0.667,NA,0.75,"Reserve","East",1997
"Christian Laettner","ATL","24:00",3,5,0,0,1,1,4,7,11,2,1,1,2,4,7,0.6,NA,1,"Reserve","East",1997
"Terrell Brandon","CLE","17:00",4,11,2,4,0,0,1,2,3,8,2,0,0,2,10,0.364,0.5,NA,"Reserve","East",1997
"Tim Hardaway","MIA","14:00",4,10,2,6,0,0,0,3,3,2,1,0,2,1,10,0.4,0.333,NA,"Reserve","East",1997
"Chris Webber","WSB","14:00",1,4,0,0,0,0,1,3,4,3,1,0,3,3,2,0.25,NA,NA,"Reserve","East",1997
"Joe Dumars","DET","10:00",1,4,1,4,0,0,0,1,1,1,0,0,0,0,3,0.25,0.25,NA,"Reserve","East",1997
"Gary Payton","SEA","28:00",7,15,1,5,2,2,0,1,1,10,2,0,4,2,17,0.467,0.2,1,"Starter","West",1997
"John Stockton","UTA","20:00",5,6,2,2,0,0,0,0,0,5,1,0,1,2,12,0.833,1,NA,"Starter","West",1997
"Hakeem Olajuwon","HOU","20:00",5,8,0,0,1,2,0,3,3,1,0,1,1,1,11,0.625,NA,0.5,"Starter","West",1997
"Karl Malone","UTA","20:00",2,8,0,0,0,0,1,3,4,0,1,1,0,0,4,0.25,NA,NA,"Starter","West",1997
"Shawn Kemp","SEA","19:00",4,7,1,2,1,2,1,3,4,1,1,0,1,1,10,0.571,0.5,0.5,"Starter","West",1997
"Latrell Sprewell","GSW","25:00",7,12,1,3,4,6,1,2,3,1,2,0,1,2,19,0.583,0.333,0.667,"Reserve","West",1997
"Mitch Richmond","SAC","22:00",3,7,3,4,0,0,1,2,3,4,0,0,1,1,9,0.429,0.75,NA,"Reserve","West",1997
"Detlef Schrempf","SEA","20:00",5,8,1,3,0,1,1,3,4,2,0,1,1,3,11,0.625,0.333,0,"Reserve","West",1997
"Tom Gugliotta","MIN","19:00",3,7,0,1,3,4,1,7,8,3,2,0,3,3,9,0.429,0,0.75,"Reserve","West",1997
"Kevin Garnett","MIN","18:00",1,7,0,0,4,4,1,8,9,1,0,1,0,2,6,0.143,NA,1,"Reserve","West",1997
"Eddie Jones","LAL","17:00",3,4,0,1,4,7,1,0,1,1,1,2,3,1,10,0.75,0,0.571,"Reserve","West",1997
"Chris Gatling","DAL","12:00",1,8,0,0,0,0,0,2,2,0,1,0,0,1,2,0.125,NA,NA,"Reserve","West",1997
"Michael Jordan","CHI","32:00",10,18,1,1,2,3,1,5,6,8,3,0,2,0,23,0.556,1,0.667,"Starter","East",1998
"Grant Hill","DET","28:00",7,11,1,1,0,0,0,3,3,5,1,0,0,1,15,0.636,1,NA,"Starter","East",1998
"Shawn Kemp","CLE","25:00",5,10,0,1,2,2,2,9,11,2,4,0,4,2,12,0.5,0,1,"Starter","East",1998
"Dikembe Mutombo","ATL","19:00",4,5,0,0,1,2,1,6,7,0,0,1,0,3,9,0.8,NA,0.5,"Starter","East",1998
"Anfernee Hardaway","ORL","12:00",3,5,0,1,0,0,0,0,0,3,0,0,1,0,6,0.6,0,NA,"Starter","East",1998
"Rik Smits","IND","21:00",3,7,0,0,4,4,2,5,7,4,0,2,0,3,10,0.429,NA,1,"Reserve","East",1998
"Reggie Miller","IND","20:00",6,8,1,2,1,2,0,0,0,0,1,0,0,2,14,0.75,0.5,0.5,"Reserve","East",1998
"Jayson Williams","NJN","19:00",2,3,0,0,0,0,3,7,10,1,0,0,0,2,4,0.667,NA,NA,"Reserve","East",1998
"Tim Hardaway","MIA","17:00",3,8,2,5,0,0,0,1,1,6,0,0,6,0,8,0.375,0.4,NA,"Reserve","East",1998
"Glen Rice","CHH","16:00",6,14,4,6,0,0,1,0,1,0,0,0,1,0,16,0.429,0.667,NA,"Reserve","East",1998
"Steve Smith","ATL","16:00",6,12,2,5,0,0,2,1,3,0,0,0,0,0,14,0.5,0.4,NA,"Reserve","East",1998
"Antoine Walker","BOS","15:00",2,8,0,3,0,0,1,2,3,3,1,0,1,0,4,0.25,0,NA,"Reserve","East",1998
"Gary Payton","SEA","24:00",3,7,1,3,0,0,2,1,3,13,2,0,4,0,7,0.429,0.333,NA,"Starter","West",1998
"Kobe Bryant","LAL","22:00",7,16,2,3,2,2,2,4,6,1,2,0,1,1,18,0.438,0.667,1,"Starter","West",1998
"Kevin Garnett","MIN","21:00",6,11,0,1,0,0,1,3,4,2,2,1,3,0,12,0.545,0,NA,"Starter","West",1998
"Shaquille O'Neal","LAL","18:00",5,10,0,0,2,4,2,2,4,1,0,0,2,2,12,0.5,NA,0.5,"Starter","West",1998
"Karl Malone","UTA","17:00",2,4,0,0,0,0,0,3,3,2,2,0,0,1,4,0.5,NA,NA,"Starter","West",1998
"Eddie Jones","LAL","25:00",7,19,0,7,1,2,7,4,11,1,2,0,0,1,15,0.368,0,0.5,"Reserve","West",1998
"David Robinson","SAS","22:00",3,4,0,0,9,10,2,4,6,0,2,2,2,1,15,0.75,NA,0.9,"Reserve","West",1998
"Vin Baker","SEA","21:00",3,12,0,0,2,2,6,2,8,0,1,0,0,1,8,0.25,NA,1,"Reserve","West",1998
"Nick Van Exel","LAL","20:00",5,14,1,6,2,2,1,2,3,2,0,0,2,0,13,0.357,0.167,1,"Reserve","West",1998
"Jason Kidd","PHO","19:00",0,1,0,0,0,0,0,1,1,9,0,0,2,2,0,0,NA,NA,"Reserve","West",1998
"Mitch Richmond","SAC","17:00",4,11,0,2,0,0,0,1,1,2,0,0,0,0,8,0.364,0,NA,"Reserve","West",1998
"Tim Duncan","SAS","14:00",1,4,0,1,0,0,1,10,11,1,0,0,2,0,2,0.25,0,NA,"Reserve","West",1998
"Allen Iverson","PHI","28:00",10,18,2,2,4,5,2,0,2,9,2,0,5,0,26,0.556,1,0.8,"Starter","East",2000
"Vince Carter","TOR","28:00",6,11,0,2,0,0,2,2,4,2,2,0,2,0,12,0.545,0,NA,"Starter","East",2000
"Alonzo Mourning","MIA","27:00",7,11,0,0,1,2,2,5,7,1,3,4,1,4,15,0.636,NA,0.5,"Starter","East",2000
"Eddie Jones","CHH","21:00",4,7,2,3,0,0,1,3,4,3,1,0,1,1,10,0.571,0.667,NA,"Starter","East",2000
"Grant Hill","DET","19:00",3,7,0,1,1,1,0,3,3,5,1,0,3,0,7,0.429,0,1,"Starter","East",2000
"Reggie Miller","IND","21:00",1,7,1,6,2,2,0,2,2,3,1,0,1,1,5,0.143,0.167,1,"Reserve","East",2000
"Allan Houston","NYK","18:00",3,10,1,3,4,4,0,0,0,2,1,0,1,1,11,0.3,0.333,1,"Reserve","East",2000
"Ray Allen","MIL","17:00",4,13,1,6,5,6,1,0,1,2,3,1,3,2,14,0.308,0.167,0.833,"Reserve","East",2000
"Glenn Robinson","MIL","17:00",5,10,0,0,0,0,2,4,6,0,0,0,0,0,10,0.5,NA,NA,"Reserve","East",2000
"Dikembe Mutombo","ATL","16:00",2,4,0,0,0,0,2,6,8,0,0,0,2,0,4,0.5,NA,NA,"Reserve","East",2000
"Jerry Stackhouse","DET","14:00",4,7,0,0,0,0,0,1,1,2,0,0,1,2,8,0.571,NA,NA,"Reserve","East",2000
"Dale Davis","IND","14:00",2,3,0,0,0,0,3,5,8,1,0,0,0,0,4,0.667,NA,NA,"Reserve","East",2000
"Kevin Garnett","MIN","35:00",10,19,0,1,4,4,3,7,10,5,1,1,0,1,24,0.526,0,1,"Starter","West",2000
"Jason Kidd","PHO","34:00",4,9,3,6,0,0,0,5,5,14,4,0,6,0,11,0.444,0.5,NA,"Starter","West",2000
"Tim Duncan","SAS","33:00",12,14,0,0,0,0,7,7,14,4,1,1,2,3,24,0.857,NA,NA,"Starter","West",2000
"Kobe Bryant","LAL","28:00",7,16,1,4,0,0,1,0,1,3,2,0,1,3,15,0.438,0.25,NA,"Starter","West",2000
"Shaquille O'Neal","LAL","25:00",11,20,0,0,0,2,4,5,9,3,0,3,4,2,22,0.55,NA,0,"Starter","West",2000
"Rasheed Wallace","POR","21:00",3,6,0,0,3,4,2,2,4,0,1,1,0,0,9,0.5,NA,0.75,"Reserve","West",2000
"Gary Payton","SEA","20:00",1,8,0,4,3,3,0,4,4,8,2,0,2,1,5,0.125,0,1,"Reserve","West",2000
"Chris Webber","SAC","13:00",3,10,0,0,0,0,3,5,8,3,1,0,2,2,6,0.3,NA,NA,"Reserve","West",2000
"John Stockton","UTA","11:00",5,5,0,0,0,0,0,0,0,2,1,0,0,2,10,1,NA,NA,"Reserve","West",2000
"Michael Finley","DAL","10:00",5,6,1,2,0,0,0,1,1,0,0,0,1,0,11,0.833,0.5,NA,"Reserve","West",2000
"David Robinson","SAS","7:00",0,1,0,0,0,0,1,1,2,0,0,0,1,1,0,0,NA,NA,"Reserve","West",2000
"Karl Malone","UTA","3:00",0,1,0,0,0,0,0,0,0,0,0,0,0,0,0,0,NA,NA,"Reserve","West",2000
"Allen Iverson","PHI","27:00",9,21,1,1,6,6,0,2,2,5,4,0,4,0,25,0.429,1,1,"Starter","East",2001
"Vince Carter","TOR","24:00",7,18,1,4,1,1,1,2,3,4,1,1,3,1,16,0.389,0.25,1,"Starter","East",2001
"Tracy McGrady","ORL","21:00",1,4,0,1,0,0,1,0,1,0,2,1,4,0,2,0.25,0,NA,"Starter","East",2001
"Antonio Davis","TOR","20:00",4,11,0,0,0,0,7,2,9,0,1,1,0,0,8,0.364,NA,NA,"Starter","East",2001
"Anthony Mason","MIA","20:00",0,3,0,0,0,0,2,2,4,1,1,0,2,2,0,0,NA,NA,"Starter","East",2001
"Dikembe Mutombo","ATL","28:00",2,2,0,0,2,2,3,19,22,0,2,3,2,5,6,1,NA,1,"Reserve","East",2001
"Ray Allen","MIL","19:00",7,15,1,7,0,0,1,2,3,2,1,1,1,0,15,0.467,0.143,NA,"Reserve","East",2001
"Stephon Marbury","NJN","18:00",5,9,2,3,0,2,0,0,0,4,0,0,3,2,12,0.556,0.667,0,"Reserve","East",2001
"Glenn Robinson","MIL","18:00",4,7,0,0,0,0,1,3,4,1,1,1,0,0,8,0.571,NA,NA,"Reserve","East",2001
"Latrell Sprewell","NYK","15:00",3,6,0,1,1,3,1,0,1,4,0,0,1,1,7,0.5,0,0.333,"Reserve","East",2001
"Jerry Stackhouse","DET","15:00",3,8,1,1,0,2,2,0,2,2,0,0,0,1,7,0.375,1,0,"Reserve","East",2001
"Allan Houston","NYK","15:00",2,5,1,2,0,0,0,3,3,3,0,0,1,0,5,0.4,0.5,NA,"Reserve","East",2001
"Kobe Bryant","LAL","30:00",9,17,1,2,0,0,2,2,4,7,1,0,3,3,19,0.529,0.5,NA,"Starter","West",2001
"Jason Kidd","PHO","30:00",4,6,3,4,0,0,0,4,4,2,5,0,5,3,11,0.667,0.75,NA,"Starter","West",2001
"Chris Webber","SAC","29:00",6,14,0,1,2,4,4,5,9,3,1,0,1,2,14,0.429,0,0.5,"Starter","West",2001
"Tim Duncan","SAS","28:00",5,11,0,0,4,4,4,10,14,1,2,1,2,1,14,0.455,NA,1,"Starter","West",2001
"Kevin Garnett","MIN","27:00",7,12,0,0,0,0,1,3,4,4,1,3,2,0,14,0.583,NA,NA,"Starter","West",2001
"Rasheed Wallace","POR","21:00",1,7,0,1,0,0,1,3,4,2,1,0,2,0,2,0.143,0,NA,"Reserve","West",2001
"Michael Finley","DAL","19:00",5,15,0,2,2,2,2,1,3,5,0,0,1,0,12,0.333,0,1,"Reserve","West",2001
"Gary Payton","SEA","18:00",0,5,0,0,0,0,2,2,4,5,2,0,1,2,0,0,NA,NA,"Reserve","West",2001
"Antonio McDyess","DEN","15:00",4,9,0,0,0,0,3,5,8,2,1,0,0,2,8,0.444,NA,NA,"Reserve","West",2001
"David Robinson","SAS","10:00",3,5,0,0,2,4,2,2,4,0,0,0,1,3,8,0.6,NA,0.5,"Reserve","West",2001
"Vlade Divac","SAC","9:00",4,6,0,1,0,0,1,2,3,1,2,0,1,0,8,0.667,0,NA,"Reserve","West",2001
"Karl Malone","UTA","4:00",0,2,0,0,0,0,0,1,1,0,0,0,0,0,0,0,NA,NA,"Reserve","West",2001
"Allen Iverson","PHI","25:00",2,9,0,0,1,2,1,3,4,3,0,0,2,0,5,0.222,NA,0.5,"Starter","East",2002
"Michael Jordan","WAS","22:00",4,13,0,0,0,0,0,4,4,3,2,0,1,1,8,0.308,NA,NA,"Starter","East",2002
"Dikembe Mutombo","PHI","21:00",3,5,0,0,2,2,6,4,10,0,0,1,2,0,8,0.6,NA,1,"Starter","East",2002
"Jason Kidd","NJN","18:00",1,2,0,1,0,0,0,1,1,3,1,0,1,0,2,0.5,0,NA,"Starter","East",2002
"Antoine Walker","BOS","16:00",3,8,2,4,0,0,0,2,2,1,1,0,2,1,8,0.375,0.5,NA,"Starter","East",2002
"Ray Allen","MIL","25:00",6,17,3,10,0,0,1,2,3,5,3,0,1,3,15,0.353,0.3,NA,"Reserve","East",2002
"Tracy McGrady","ORL","23:00",9,15,2,4,4,4,2,1,3,4,3,0,1,1,24,0.6,0.5,1,"Reserve","East",2002
"Paul Pierce","BOS","23:00",9,18,1,6,0,0,3,4,7,3,1,0,0,1,19,0.5,0.167,NA,"Reserve","East",2002
"Shareef Abdur-Rahim","ATL","21:00",4,4,1,1,0,0,1,5,6,0,0,0,0,2,9,1,1,NA,"Reserve","East",2002
"Jermaine O'Neal","IND","17:00",2,5,0,0,3,4,0,7,7,0,0,0,1,1,7,0.4,NA,0.75,"Reserve","East",2002
"Alonzo Mourning","MIA","16:00",6,7,0,0,1,1,1,2,3,2,0,2,1,1,13,0.857,NA,1,"Reserve","East",2002
"Baron Davis","CHH","13:00",1,5,0,3,0,0,0,1,1,5,0,0,3,1,2,0.2,0,NA,"Reserve","East",2002
"Kobe Bryant","LAL","30:00",12,25,0,4,7,7,2,3,5,5,1,0,0,2,31,0.48,0,1,"Starter","West",2002
"Tim Duncan","SAS","29:00",7,11,0,0,0,0,3,11,14,2,0,2,3,1,14,0.636,NA,NA,"Starter","West",2002
"Kevin Garnett","MIN","24:00",7,15,0,1,0,0,6,6,12,2,2,0,0,1,14,0.467,0,NA,"Starter","West",2002
"Chris Webber","SAC","20:00",3,7,1,2,1,4,3,0,3,4,1,0,2,2,8,0.429,0.5,0.25,"Starter","West",2002
"Steve Francis","HOU","18:00",1,8,0,1,1,2,1,1,2,3,2,0,2,1,3,0.125,0,0.5,"Starter","West",2002
"Dirk Nowitzki","DAL","24:00",5,11,1,4,1,1,2,6,8,3,0,0,2,1,12,0.455,0.25,1,"Reserve","West",2002
"Steve Nash","DAL","24:00",3,9,2,4,0,0,2,1,3,9,1,0,0,1,8,0.333,0.5,NA,"Reserve","West",2002
"Gary Payton","SEA","22:00",7,13,4,6,0,0,0,1,1,6,3,0,3,1,18,0.538,0.667,NA,"Reserve","West",2002
"Elton Brand","LAC","19:00",3,5,0,0,0,0,5,5,10,1,0,1,2,2,6,0.6,NA,NA,"Reserve","West",2002
"Peja StojakoviÄ‡","SAC","18:00",4,10,3,5,0,0,2,0,2,1,0,0,0,0,11,0.4,0.6,NA,"Reserve","West",2002
"Wally Szczerbiak","MIN","12:00",4,6,2,3,0,0,1,2,3,3,1,0,0,0,10,0.667,0.667,NA,"Reserve","West",2002
"Allen Iverson","PHI","41:00",13,23,1,3,8,9,3,2,5,7,5,0,6,2,35,0.565,0.333,0.889,"Starter","East",2003
"Tracy McGrady","ORL","36:00",10,17,4,7,5,6,1,4,5,2,0,0,1,3,29,0.588,0.571,0.833,"Starter","East",2003
"Michael Jordan","WAS","36:00",9,27,0,2,2,2,2,3,5,2,2,0,2,3,20,0.333,0,1,"Starter","East",2003
"Jermaine O'Neal","IND","33:00",3,10,0,0,4,6,4,6,10,0,2,4,2,2,10,0.3,NA,0.667,"Starter","East",2003
"Ben Wallace","DET","24:00",1,2,0,0,0,2,4,2,6,0,2,2,2,1,2,0.5,NA,0,"Starter","East",2003
"Jason Kidd","NJN","33:00",4,9,1,4,2,2,1,4,5,10,5,0,2,0,11,0.444,0.25,1,"Reserve","East",2003
"Vince Carter","TOR","25:00",4,9,1,1,0,0,1,0,1,2,0,0,1,1,9,0.444,1,NA,"Reserve","East",2003
"Paul Pierce","BOS","18:00",4,11,0,5,0,0,0,2,2,3,4,0,2,1,8,0.364,0,NA,"Reserve","East",2003
"Brad Miller","IND","17:00",2,4,0,0,1,2,3,3,6,3,0,0,2,2,5,0.5,NA,0.5,"Reserve","East",2003
"Jamal Mashburn","NOH","14:00",4,7,2,2,0,0,0,4,4,2,2,0,0,0,10,0.571,1,NA,"Reserve","East",2003
"Antoine Walker","BOS","9:00",2,4,1,3,1,2,0,1,1,0,0,0,1,0,6,0.5,0.333,0.5,"Reserve","East",2003
"Zydrunas Ilgauskas","CLE","4:00",0,1,0,0,0,0,0,0,0,0,0,0,1,1,0,0,NA,NA,"Reserve","East",2003
"Kevin Garnett","MIN","41:00",17,24,0,0,3,3,1,8,9,3,5,1,4,3,37,0.708,NA,1,"Starter","West",2003
"Tim Duncan","SAS","40:00",8,18,0,0,3,3,5,10,15,4,1,0,3,2,19,0.444,NA,1,"Starter","West",2003
"Kobe Bryant","LAL","36:00",8,17,3,5,3,6,2,5,7,6,3,2,5,5,22,0.471,0.6,0.5,"Starter","West",2003
"Steve Francis","HOU","32:00",9,12,2,3,0,0,1,1,2,9,0,0,3,1,20,0.75,0.667,NA,"Starter","West",2003
"Yao Ming","HOU","17:00",1,1,0,0,0,0,0,2,2,0,0,0,0,1,2,1,NA,NA,"Starter","West",2003
"Shaquille O'Neal","LAL","26:00",8,14,0,0,3,5,3,10,13,1,2,1,3,3,19,0.571,NA,0.6,"Reserve","West",2003
"Shawn Marion","PHO","23:00",4,9,0,1,0,0,5,2,7,4,3,1,0,1,8,0.444,0,NA,"Reserve","West",2003
"Dirk Nowitzki","DAL","16:00",4,8,1,4,0,0,0,1,1,1,0,0,2,1,9,0.5,0.25,NA,"Reserve","West",2003
"Steve Nash","DAL","16:00",1,3,0,2,0,1,2,3,5,3,1,0,4,1,2,0.333,0,0,"Reserve","West",2003
"Gary Payton","SEA","15:00",4,6,0,1,0,0,1,0,1,2,0,0,3,3,8,0.667,0,NA,"Reserve","West",2003
"Stephon Marbury","PHO","15:00",1,3,0,2,2,2,0,1,1,6,0,0,2,0,4,0.333,0,1,"Reserve","West",2003
"Peja StojakoviÄ‡","SAC","13:00",2,7,1,4,0,0,0,3,3,1,1,0,1,0,5,0.286,0.25,NA,"Reserve","West",2003
"Jermaine O'Neal","IND","27:42",7,13,0,0,2,4,2,7,9,2,1,0,2,0,16,0.538,NA,0.5,"Starter","East",2004
"Allen Iverson","PHI","23:12",1,6,0,0,1,4,0,1,1,11,0,0,4,3,3,0.167,NA,0.25,"Starter","East",2004
"Ben Wallace","DET","22:15",2,5,0,1,0,0,2,5,7,0,3,1,0,0,4,0.4,0,NA,"Starter","East",2004
"Tracy McGrady","ORL","21:54",5,11,1,6,2,4,1,3,4,3,0,0,1,0,13,0.455,0.167,0.5,"Starter","East",2004
"Vince Carter","TOR","15:50",5,7,1,3,0,0,1,1,2,0,2,0,2,1,11,0.714,0.333,NA,"Starter","East",2004
"Kenyon Martin","NJN","24:05",8,10,0,0,1,2,4,3,7,3,0,0,3,1,17,0.8,NA,0.5,"Reserve","East",2004
"Jason Kidd","NJN","21:56",4,6,3,4,3,4,0,3,3,10,2,0,3,1,14,0.667,0.75,0.75,"Reserve","East",2004
"Jamaal Magloire","NOH","21:44",9,16,0,0,1,2,3,5,8,0,1,1,1,2,19,0.563,NA,0.5,"Reserve","East",2004
"Metta World Peace","IND","16:59",3,5,0,1,1,2,1,2,3,3,1,0,1,2,7,0.6,0,0.5,"Reserve","East",2004
"Baron Davis","NOH","15:35",3,9,1,6,0,0,0,0,0,7,1,0,1,0,7,0.333,0.167,NA,"Reserve","East",2004
"Michael Redd","MIL","14:48",5,12,3,6,0,0,2,1,3,2,3,0,1,0,13,0.417,0.5,NA,"Reserve","East",2004
"Paul Pierce","BOS","14:00",4,8,0,1,0,0,0,1,1,2,1,0,1,2,8,0.5,0,NA,"Reserve","East",2004
"Kobe Bryant","LAL","35:21",9,12,2,3,0,1,1,3,4,4,5,1,6,3,20,0.75,0.667,0,"Starter","West",2004
"Kevin Garnett","MIN","28:52",6,14,0,1,0,0,3,4,7,6,2,1,1,0,12,0.429,0,NA,"Starter","West",2004
"Tim Duncan","SAS","26:02",6,11,0,0,2,4,2,11,13,5,1,0,2,2,14,0.545,NA,0.5,"Starter","West",2004
"Steve Francis","HOU","23:06",6,9,1,2,0,0,1,3,4,4,0,0,1,1,13,0.667,0.5,NA,"Starter","West",2004
"Yao Ming","HOU","18:39",8,14,0,2,0,0,2,2,4,1,0,0,0,2,16,0.571,0,NA,"Starter","West",2004
"Ray Allen","SEA","23:44",6,13,1,4,3,4,2,1,3,4,1,0,3,2,16,0.462,0.25,0.75,"Reserve","West",2004
"Shaquille O'Neal","LAL","23:31",12,19,0,0,0,1,5,6,11,1,2,2,4,3,24,0.632,NA,0,"Reserve","West",2004
"Sam Cassell","MIN","13:49",2,3,0,0,0,0,0,1,1,7,1,0,1,0,4,0.667,NA,NA,"Reserve","West",2004
"Peja StojakoviÄ‡","SAC","13:24",2,5,1,4,0,0,0,1,1,1,0,0,2,0,5,0.4,0.25,NA,"Reserve","West",2004
"Dirk Nowitzki","DAL","13:24",1,3,0,1,0,0,0,0,0,1,2,0,2,0,2,0.333,0,NA,"Reserve","West",2004
"Andrei Kirilenko","UTA","10:30",1,3,0,1,0,0,0,1,1,1,0,1,0,0,2,0.333,0,NA,"Reserve","West",2004
"Brad Miller","SAC","9:38",4,5,0,0,0,0,1,1,2,0,0,0,2,0,8,0.8,NA,NA,"Reserve","West",2004
"Allen Iverson","PHI","31:50",4,14,0,0,7,7,0,4,4,10,5,0,7,0,15,0.286,NA,1,"Starter","East",2005
"LeBron James","CLE","31:25",6,13,1,4,0,1,1,7,8,6,2,0,3,0,13,0.462,0.25,0,"Starter","East",2005
"Shaquille O'Neal","MIA","25:58",6,11,0,1,0,3,0,6,6,1,3,3,0,2,12,0.545,0,0,"Starter","East",2005
"Vince Carter","NJN","17:41",4,8,3,5,0,0,0,3,3,1,0,0,2,0,11,0.5,0.6,NA,"Starter","East",2005
"Grant Hill","ORL","17:25",3,6,0,0,0,0,2,2,4,2,1,0,1,1,6,0.5,NA,NA,"Starter","East",2005
"Dwyane Wade","MIA","23:28",6,13,0,1,2,2,2,1,3,1,2,1,1,2,14,0.462,0,1,"Reserve","East",2005
"Jermaine O'Neal","IND","19:30",6,10,0,0,3,4,1,4,5,2,1,1,1,1,15,0.6,NA,0.75,"Reserve","East",2005
"Zydrunas Ilgauskas","CLE","16:38",5,8,0,0,2,2,3,4,7,1,0,2,1,2,12,0.625,NA,1,"Reserve","East",2005
"Paul Pierce","BOS","14:39",4,7,0,2,1,1,0,3,3,3,2,0,0,2,9,0.571,0,1,"Reserve","East",2005
"Gilbert Arenas","WAS","14:20",3,11,1,3,0,0,1,1,2,3,0,0,0,1,7,0.273,0.333,NA,"Reserve","East",2005
"Ben Wallace","DET","14:00",3,7,0,0,0,0,4,3,7,0,0,0,2,2,6,0.429,NA,NA,"Reserve","East",2005
"Antawn Jamison","WAS","12:56",2,5,1,1,0,0,1,3,4,1,0,0,0,0,5,0.4,1,NA,"Reserve","East",2005
"Kobe Bryant","LAL","29:21",7,14,2,5,0,0,3,3,6,7,3,1,4,5,16,0.5,0.4,NA,"Starter","West",2005
"Tracy McGrady","HOU","23:53",4,13,0,4,0,0,1,4,5,5,3,2,3,1,8,0.308,0,NA,"Starter","West",2005
"Yao Ming","HOU","21:17",5,9,0,0,1,2,3,5,8,5,0,1,1,1,11,0.556,NA,0.5,"Starter","West",2005
"Tim Duncan","SAS","16:28",7,10,1,1,0,1,2,7,9,2,0,0,2,0,15,0.7,1,0,"Starter","West",2005
"Kevin Garnett","MIN","16:21",5,8,0,0,0,1,0,3,3,2,0,0,2,2,10,0.625,NA,0,"Starter","West",2005
"Ray Allen","SEA","22:22",6,16,5,11,0,0,0,4,4,1,0,0,1,2,17,0.375,0.455,NA,"Reserve","West",2005
"Manu GinÃ³bili","SAS","21:33",3,6,0,2,2,2,2,1,3,1,1,1,3,3,8,0.5,0,1,"Reserve","West",2005
"Dirk Nowitzki","DAL","21:03",4,10,1,3,1,2,3,5,8,2,4,4,3,1,10,0.4,0.333,0.5,"Reserve","West",2005
"Amar'e Stoudemire","PHO","19:52",3,11,0,0,0,2,4,5,9,2,1,0,1,2,6,0.273,NA,0,"Reserve","West",2005
"Steve Nash","PHO","17:48",1,2,0,1,0,0,0,0,0,6,0,0,3,0,2,0.5,0,NA,"Reserve","West",2005
"Shawn Marion","PHO","15:54",5,7,0,0,0,1,3,0,3,4,0,0,1,0,10,0.714,NA,0,"Reserve","West",2005
"Rashard Lewis","SEA","14:08",1,7,0,2,0,0,1,3,4,1,1,0,1,2,2,0.143,0,NA,"Reserve","West",2005
"Dwyane Wade","MIA","30:39",9,11,0,0,2,2,3,1,4,3,2,1,3,1,20,0.818,NA,1,"Starter","East",2006
"LeBron James","CLE","30:34",12,21,4,10,1,5,2,4,6,2,2,0,1,2,29,0.571,0.4,0.2,"Starter","East",2006
"Allen Iverson","PHI","26:14",5,14,0,0,2,4,0,2,2,2,0,0,3,0,12,0.357,NA,0.5,"Starter","East",2006
"Shaquille O'Neal","MIA","22:34",7,9,0,0,3,5,3,6,9,4,1,0,2,5,17,0.778,NA,0.6,"Starter","East",2006
"Vince Carter","NJN","17:40",2,5,0,0,1,2,1,3,4,2,1,0,2,3,5,0.4,NA,0.5,"Starter","East",2006
"Ben Wallace","DET","24:18",0,1,0,0,0,2,0,8,8,2,3,2,0,3,0,0,NA,0,"Reserve","East",2006
"Rasheed Wallace","DET","17:19",1,6,0,4,0,0,0,2,2,0,1,0,0,1,2,0.167,0,NA,"Reserve","East",2006
"Chris Bosh","TOR","16:35",3,7,0,0,2,3,2,6,8,2,0,0,1,1,8,0.429,NA,0.667,"Reserve","East",2006
"Chauncey Billups","DET","15:48",6,10,2,5,1,1,0,4,4,7,0,0,2,1,15,0.6,0.4,1,"Reserve","East",2006
"Paul Pierce","BOS","15:00",3,6,0,0,1,2,0,2,2,1,1,0,0,0,7,0.5,NA,0.5,"Reserve","East",2006
"Richard Hamilton","DET","13:28",3,7,0,0,0,0,0,0,0,1,0,0,1,1,6,0.429,NA,NA,"Reserve","East",2006
"Gilbert Arenas","WAS","9:51",0,4,0,2,1,2,0,0,0,1,1,0,1,1,1,0,0,0.5,"Reserve","East",2006
"Steve Nash","PHO","27:34",1,2,0,0,0,0,1,4,5,6,1,0,2,2,2,0.5,NA,NA,"Starter","West",2006
"Tracy McGrady","HOU","26:40",15,26,4,10,2,7,0,0,0,2,1,0,1,1,36,0.577,0.4,0.286,"Starter","West",2006
"Kobe Bryant","LAL","26:15",4,11,0,5,0,0,0,7,7,8,3,0,3,5,8,0.364,0,NA,"Starter","West",2006
"Tim Duncan","SAS","20:55",6,7,0,0,3,3,6,4,10,1,1,1,5,2,15,0.857,NA,1,"Starter","West",2006
"Yao Ming","HOU","19:14",2,5,0,0,1,2,0,2,2,1,1,0,0,2,5,0.4,NA,0.5,"Starter","West",2006
"Tony Parker","SAS","20:26",3,8,0,1,2,2,0,0,0,4,0,0,5,1,8,0.375,0,1,"Reserve","West",2006
"Ray Allen","SEA","18:00",4,13,0,7,0,0,0,2,2,1,0,0,1,2,8,0.308,0,NA,"Reserve","West",2006
"Shawn Marion","PHO","17:15",5,9,0,0,4,7,4,4,8,0,1,1,0,1,14,0.556,NA,0.571,"Reserve","West",2006
"Elton Brand","LAC","16:41",6,11,0,0,0,0,3,4,7,0,1,0,3,2,12,0.545,NA,NA,"Reserve","West",2006
"Kevin Garnett","MIN","16:24",1,9,0,0,0,0,2,7,9,4,1,0,2,1,2,0.111,NA,NA,"Reserve","West",2006
"Dirk Nowitzki","DAL","16:23",4,8,0,3,2,3,3,3,6,0,0,0,0,2,10,0.5,0,0.667,"Reserve","West",2006
"Pau Gasol","MEM","14:13",0,3,0,0,0,0,6,6,12,1,0,0,1,1,0,0,NA,NA,"Reserve","West",2006
"LeBron James","CLE","32:16",11,20,4,8,2,2,0,6,6,6,1,0,4,0,28,0.55,0.5,1,"Starter","East",2007
"Dwyane Wade","MIA","24:22",5,12,0,0,0,0,0,0,0,3,6,0,5,2,10,0.417,NA,NA,"Starter","East",2007
"Chris Bosh","TOR","22:29",5,7,0,0,1,2,3,4,7,1,0,0,0,0,11,0.714,NA,0.5,"Starter","East",2007
"Gilbert Arenas","WAS","19:48",3,8,2,7,0,0,0,1,1,4,2,0,1,0,8,0.375,0.286,NA,"Starter","East",2007
"Shaquille O'Neal","MIA","17:15",5,13,0,0,0,0,4,2,6,1,0,1,1,1,10,0.385,NA,NA,"Starter","East",2007
"Jermaine O'Neal","IND","22:36",4,8,0,0,0,0,3,4,7,1,0,2,1,1,8,0.5,NA,NA,"Reserve","East",2007
"Dwight Howard","ORL","20:39",10,14,0,0,0,5,7,5,12,1,0,1,3,0,20,0.714,NA,0,"Reserve","East",2007
"Joe Johnson","ATL","17:33",5,9,2,5,0,0,0,1,1,2,1,0,1,1,12,0.556,0.4,NA,"Reserve","East",2007
"Chauncey Billups","DET","16:12",3,8,0,3,2,2,1,3,4,6,0,0,0,0,8,0.375,0,1,"Reserve","East",2007
"Vince Carter","NJN","16:12",3,7,0,1,1,2,0,1,1,2,0,0,1,1,7,0.429,0,0.5,"Reserve","East",2007
"Caron Butler","WAS","15:38",1,7,0,0,0,0,3,1,4,1,0,0,1,0,2,0.143,NA,NA,"Reserve","East",2007
"Richard Hamilton","DET","15:00",4,8,0,1,0,0,2,4,6,1,0,0,2,1,8,0.5,0,NA,"Reserve","East",2007
"Kobe Bryant","LAL","28:09",13,24,3,9,2,2,1,4,5,6,6,0,4,1,31,0.542,0.333,1,"Starter","West",2007
"Tracy McGrady","HOU","18:26",3,8,2,5,0,0,1,2,3,11,2,0,3,0,8,0.375,0.4,NA,"Starter","West",2007
"Dirk Nowitzki","DAL","16:05",4,9,1,2,0,0,2,3,5,2,0,0,0,0,9,0.444,0.5,NA,"Starter","West",2007
"Tim Duncan","SAS","14:38",2,3,0,0,0,0,0,5,5,4,1,1,0,1,4,0.667,NA,NA,"Starter","West",2007
"Kevin Garnett","MIN","14:11",3,8,0,0,1,2,4,2,6,4,2,1,1,0,7,0.375,NA,0.5,"Starter","West",2007
"Carmelo Anthony","DEN","25:10",10,15,0,0,0,0,3,6,9,1,1,0,0,2,20,0.667,NA,NA,"Reserve","West",2007
"Tony Parker","SAS","23:44",4,7,0,0,0,0,0,2,2,10,1,0,4,0,8,0.571,NA,NA,"Reserve","West",2007
"Shawn Marion","PHO","21:54",9,15,0,1,0,0,5,3,8,4,2,0,2,0,18,0.6,0,NA,"Reserve","West",2007
"Ray Allen","SEA","21:22",4,10,4,7,0,0,0,1,1,3,1,0,1,0,12,0.4,0.571,NA,"Reserve","West",2007
"Amar'e Stoudemire","PHO","21:21",14,22,0,1,1,1,6,3,9,3,1,2,1,5,29,0.636,0,1,"Reserve","West",2007
"Josh Howard","DAL","20:17",1,3,0,1,1,2,1,3,4,3,0,0,1,1,3,0.333,0,0.5,"Reserve","West",2007
"Mehmet Okur","UTA","14:43",2,2,0,0,0,2,0,2,2,1,0,0,0,0,4,1,NA,0,"Reserve","West",2007
"Dwight Howard","ORL","30:33",7,7,0,0,2,3,5,4,9,3,3,1,1,4,16,1,NA,0.667,"Starter","East",2008
"LeBron James","CLE","30:15",12,22,2,7,1,1,1,7,8,9,2,2,4,3,27,0.545,0.286,1,"Starter","East",2008
"Jason Kidd","NJN","25:05",1,2,0,1,0,0,0,4,4,10,4,0,1,0,2,0.5,0,NA,"Starter","East",2008
"Dwyane Wade","MIA","21:48",7,12,0,1,0,2,1,3,4,3,0,1,2,1,14,0.583,0,0,"Starter","East",2008
"Chris Bosh","TOR","21:32",7,15,0,0,0,2,2,5,7,1,0,0,1,1,14,0.467,NA,0,"Starter","East",2008
"Ray Allen","BOS","18:54",10,14,5,9,3,5,0,2,2,1,2,0,0,0,28,0.714,0.556,0.6,"Reserve","East",2008
"Chauncey Billups","DET","18:07",3,10,0,6,0,1,1,0,1,4,0,0,1,1,6,0.3,0,0,"Reserve","East",2008
"Richard Hamilton","DET","18:00",4,9,1,1,0,0,0,0,0,2,0,0,0,0,9,0.444,1,NA,"Reserve","East",2008
"Rasheed Wallace","DET","17:37",1,5,1,5,0,0,2,3,5,0,1,2,1,2,3,0.2,0.2,NA,"Reserve","East",2008
"Joe Johnson","ATL","13:20",1,2,1,1,0,0,0,0,0,2,1,0,1,1,3,0.5,1,NA,"Reserve","East",2008
"Paul Pierce","BOS","12:37",5,9,0,3,0,0,0,4,4,2,0,0,2,0,10,0.556,0,NA,"Reserve","East",2008
"Antawn Jamison","WAS","12:12",1,3,0,2,0,0,0,1,1,0,0,1,2,0,2,0.333,0,NA,"Reserve","East",2008
"Tim Duncan","SAS","22:23",2,7,0,1,0,0,4,5,9,1,1,1,4,1,4,0.286,0,NA,"Starter","West",2008
"Carmelo Anthony","DEN","21:38",8,17,0,0,2,3,5,2,7,1,0,0,2,0,18,0.471,NA,0.667,"Starter","West",2008
"Allen Iverson","DEN","20:44",3,7,0,0,1,2,1,1,2,6,4,1,6,0,7,0.429,NA,0.5,"Starter","West",2008
"Yao Ming","HOU","13:17",2,5,0,2,2,2,1,4,5,1,0,0,1,0,6,0.4,0,1,"Starter","West",2008
"Kobe Bryant","LAL","2:52",0,0,0,0,0,0,0,1,1,0,0,0,0,0,0,NA,NA,NA,"Starter","West",2008
"Brandon Roy","POR","28:34",8,10,2,3,0,0,1,8,9,5,1,1,0,2,18,0.8,0.667,NA,"Reserve","West",2008
"Chris Paul","NOH","27:16",7,14,2,6,0,0,2,1,3,14,4,0,2,5,16,0.5,0.333,NA,"Reserve","West",2008
"Dirk Nowitzki","DAL","25:41",5,14,1,4,2,2,1,3,4,2,0,0,2,0,13,0.357,0.25,1,"Reserve","West",2008
"Amar'e Stoudemire","PHO","23:07",8,11,1,2,1,3,0,5,5,0,1,1,1,2,18,0.727,0.5,0.333,"Reserve","West",2008
"Steve Nash","PHO","19:42",4,8,0,1,0,0,0,0,0,6,0,1,1,3,8,0.5,0,NA,"Reserve","West",2008
"Carlos Boozer","UTA","18:30",7,15,0,0,0,2,4,6,10,0,0,0,1,0,14,0.467,NA,0,"Reserve","West",2008
"David West","NOH","16:16",3,6,0,0,0,0,2,2,4,1,0,0,1,1,6,0.5,NA,NA,"Reserve","West",2008
"Dwight Howard","ORL","27:30",5,11,0,2,3,5,3,6,9,0,1,3,1,3,13,0.455,0,0.6,"Starter","East",2009
"LeBron James","CLE","26:50",8,19,2,5,2,2,0,5,5,3,0,0,3,0,20,0.421,0.4,1,"Starter","East",2009
"Dwyane Wade","MIA","26:39",6,13,2,6,4,7,2,0,2,5,3,0,0,2,18,0.462,0.333,0.571,"Starter","East",2009
"Kevin Garnett","BOS","18:52",5,5,0,0,2,2,2,2,4,2,0,0,2,0,12,1,NA,1,"Starter","East",2009
"Allen Iverson","DET","15:39",1,4,0,0,0,0,0,1,1,3,1,0,1,1,2,0.25,NA,NA,"Starter","East",2009
"Joe Johnson","ATL","21:38",0,4,0,3,0,0,0,0,0,0,0,0,5,0,0,0,0,NA,"Reserve","East",2009
"Rashard Lewis","ORL","20:30",3,6,1,4,1,2,1,5,6,0,0,0,1,3,8,0.5,0.25,0.5,"Reserve","East",2009
"Paul Pierce","BOS","19:39",6,11,1,5,5,6,1,3,4,2,2,0,1,3,18,0.545,0.2,0.833,"Reserve","East",2009
"Ray Allen","BOS","18:12",4,10,0,3,0,0,1,2,3,1,0,0,1,0,8,0.4,0,NA,"Reserve","East",2009
"Devin Harris","NJN","17:06",3,6,0,1,0,0,1,0,1,0,0,0,0,0,6,0.5,0,NA,"Reserve","East",2009
"Mo Williams","CLE","16:42",5,10,2,5,0,0,1,1,2,5,0,0,2,0,12,0.5,0.4,NA,"Reserve","East",2009
"Danny Granger","IND","10:43",1,1,0,0,0,0,1,0,1,0,2,0,1,0,2,1,NA,NA,"Reserve","East",2009
"Kobe Bryant","LAL","29:14",12,23,3,8,0,0,1,3,4,4,4,0,1,0,27,0.522,0.375,NA,"Starter","West",2009
"Chris Paul","NOH","29:14",7,14,0,1,0,0,1,6,7,14,3,0,1,4,14,0.5,0,NA,"Starter","West",2009
"Amar'e Stoudemire","PHO","24:36",7,10,0,0,5,6,3,3,6,0,0,0,2,1,19,0.7,NA,0.833,"Starter","West",2009
"Tim Duncan","SAS","18:01",3,5,0,0,0,0,0,3,3,2,1,1,2,1,6,0.6,NA,NA,"Starter","West",2009
"Yao Ming","HOU","12:23",1,4,0,0,0,0,0,3,3,0,0,1,1,2,2,0.25,NA,NA,"Starter","West",2009
"Brandon Roy","POR","31:10",7,8,0,0,0,0,0,5,5,5,0,0,0,2,14,0.875,NA,NA,"Reserve","West",2009
"Tony Parker","SAS","20:08",7,11,0,2,0,0,0,4,4,4,2,0,2,0,14,0.636,0,NA,"Reserve","West",2009
"Chauncey Billups","DEN","19:09",2,5,1,3,0,0,0,2,2,3,1,0,3,2,5,0.4,0.333,NA,"Reserve","West",2009
"Pau Gasol","LAL","16:55",5,7,0,0,4,4,2,6,8,1,1,1,0,2,14,0.714,NA,1,"Reserve","West",2009
"David West","NOH","14:09",3,5,0,0,0,0,1,2,3,0,1,0,0,2,6,0.6,NA,NA,"Reserve","West",2009
"Dirk Nowitzki","DAL","14:05",3,5,0,0,2,2,0,1,1,1,0,0,0,0,8,0.6,NA,1,"Reserve","West",2009
"Shaquille O'Neal","PHO","10:56",8,9,0,0,1,4,4,1,5,3,0,1,2,1,17,0.889,NA,0.25,"Reserve","West",2009
"LeBron James","CLE","32:28",10,22,1,6,4,4,1,4,5,6,4,0,2,1,25,0.455,0.167,1,"Starter","East",2010
"Dwyane Wade","MIA","31:20",12,16,0,1,4,6,3,3,6,11,5,0,3,4,28,0.75,0,0.667,"Starter","East",2010
"Dwight Howard","ORL","27:24",7,10,1,2,2,3,0,5,5,1,0,3,1,4,17,0.7,0.5,0.667,"Starter","East",2010
"Joe Johnson","ATL","17:50",4,8,2,5,0,0,0,1,1,1,2,0,0,0,10,0.5,0.4,NA,"Starter","East",2010
"Kevin Garnett","BOS","12:43",2,4,0,0,0,0,0,3,3,2,0,1,2,0,4,0.5,NA,NA,"Starter","East",2010
"Chris Bosh","TOR","29:08",9,16,0,0,5,7,2,8,10,1,2,0,3,0,23,0.563,NA,0.714,"Reserve","East",2010
"Rajon Rondo","BOS","19:49",2,3,0,0,0,0,1,0,1,5,1,0,2,1,4,0.667,NA,NA,"Reserve","East",2010
"Gerald Wallace","CHA","15:32",1,3,0,0,0,0,0,3,3,1,0,0,0,0,2,0.333,NA,NA,"Reserve","East",2010
"Derrick Rose","CHI","15:25",4,8,0,0,0,0,0,0,0,4,3,0,1,0,8,0.5,NA,NA,"Reserve","East",2010
"Al Horford","ATL","14:19",4,5,0,0,0,1,0,4,4,2,1,1,0,1,8,0.8,NA,0,"Reserve","East",2010
"David Lee","NYK","12:26",2,3,0,0,0,0,0,2,2,1,0,0,3,1,4,0.667,NA,NA,"Reserve","East",2010
"Paul Pierce","BOS","11:36",3,6,2,3,0,0,0,0,0,0,1,0,1,0,8,0.5,0.667,NA,"Reserve","East",2010
"Carmelo Anthony","DEN","28:59",13,22,1,4,0,1,4,6,10,2,0,0,2,0,27,0.591,0.25,0,"Starter","West",2010
"Dirk Nowitzki","DAL","27:43",8,15,0,1,6,6,0,4,4,2,1,0,2,2,22,0.533,0,1,"Starter","West",2010
"Steve Nash","PHO","19:59",2,4,0,0,0,0,1,0,1,13,0,0,2,0,4,0.5,NA,NA,"Starter","West",2010
"Amar'e Stoudemire","PHO","19:57",5,10,0,0,2,2,3,7,10,0,1,0,2,0,12,0.5,NA,1,"Starter","West",2010
"Tim Duncan","SAS","13:07",1,4,0,0,1,2,1,3,4,0,2,0,3,1,3,0.25,NA,0.5,"Starter","West",2010
"Deron Williams","UTA","28:01",6,11,2,4,0,0,0,3,3,6,4,1,5,4,14,0.545,0.5,NA,"Reserve","West",2010
"Chauncey Billups","DEN","25:44",6,11,5,8,0,0,0,0,0,5,1,0,2,1,17,0.545,0.625,NA,"Reserve","West",2010
"Pau Gasol","LAL","20:18",5,9,0,0,3,3,2,4,6,0,1,0,0,3,13,0.556,NA,1,"Reserve","West",2010
"Kevin Durant","OKC","20:17",7,14,1,3,0,0,1,4,5,0,0,0,2,0,15,0.5,0.333,NA,"Reserve","West",2010
"Zach Randolph","MEM","19:01",4,10,0,0,0,0,3,3,6,2,2,0,1,2,8,0.4,NA,NA,"Reserve","West",2010
"Chris Kaman","LAC","10:43",2,4,0,0,0,0,2,1,3,1,0,0,1,0,4,0.5,NA,NA,"Reserve","West",2010
"Jason Kidd","DAL","6:11",0,1,0,1,0,0,0,2,2,1,1,0,1,0,0,0,0,NA,"Reserve","West",2010
